--Data Definition and Insert Script--

--GOD_CITY_UNITS
  CREATE TABLE GOD_CITY_UNITS 
   (CITY_UNIT_CODE VARCHAR2(30) PRIMARY KEY, 
	CITY_UNIT_NAME VARCHAR2(120) , 
	START_DATE DATE, 
	PRIMARY_PHONE_NUMBER VARCHAR2(30) , 
	ALTERNATE_PHONE_NUMBER VARCHAR2(30) , 
	EMAIL_ADDRESS VARCHAR2(120) , 
	ADDRESS VARCHAR2(300) 
   ) ;

Insert into GOD_CITY_UNITS (CITY_UNIT_CODE,CITY_UNIT_NAME,START_DATE,PRIMARY_PHONE_NUMBER,ALTERNATE_PHONE_NUMBER,EMAIL_ADDRESS,ADDRESS) values ('BANGALORE','Bangalore',to_date('01-01-18','DD-MM-RR'),'8899889988','9988998899','blr@godreams.org','Banerghatta Road');
Insert into GOD_CITY_UNITS (CITY_UNIT_CODE,CITY_UNIT_NAME,START_DATE,PRIMARY_PHONE_NUMBER,ALTERNATE_PHONE_NUMBER,EMAIL_ADDRESS,ADDRESS) values ('KOCHI','Kochi',to_date('01-01-17','DD-MM-RR'),'8899889988','9988998899','kochi@godreams.org','Panampilly Nagar');
Insert into GOD_CITY_UNITS (CITY_UNIT_CODE,CITY_UNIT_NAME,START_DATE,PRIMARY_PHONE_NUMBER,ALTERNATE_PHONE_NUMBER,EMAIL_ADDRESS,ADDRESS) values ('CHENNAI','Chennai',to_date('01-01-17','DD-MM-RR'),'8899889988','9988998899','chn@godreams.org','Perungulathur');


--GOD_CENTRES
 CREATE TABLE GOD_CENTRES 
   (	CITY_UNIT_CODE VARCHAR2(30), 
	CENTRE_CODE VARCHAR2(30) PRIMARY KEY, 
	CENTRE_NAME VARCHAR2(60), 
	DESCRIPTION VARCHAR2(300), 
	CENTRE_TYPE VARCHAR2(120), 
	PRIMARY_PHONE_NUMBER VARCHAR2(30), 
	ALTERNATE_PHONE_NUMBER VARCHAR2(30), 
	COORDINATOR_FLAG VARCHAR2(1), 
	COORDINATOR_PHONE_NUMBER VARCHAR2(30), 
	EMAIL_ADDRESS VARCHAR2(120), 
	ADDRESS VARCHAR2(300), 
	NUMBER_OF_RESIDENTS NUMBER(18,0), 
	NUMBER_OF_CLASSROOMS NUMBER(2,0), 
	CLASSROOM_FURNITURE_FLAG VARCHAR2(1), 
	WRITING_BOARD_TYPE VARCHAR2(30), 
	PARKING_TYPE VARCHAR2(30), 
	WATER_DISPENSER_FLAG VARCHAR2(1), 
	STATIONERY_FLAG VARCHAR2(1), 
	STORAGE_FLAG VARCHAR2(1), 
	SECURITY_FLAG VARCHAR2(1), 
	POWER_BACKUP_FLAG VARCHAR2(1), 
	MEDICAL_KIT_FLAG VARCHAR2(1), 
	GUEST_TOILET_FLAG VARCHAR2(1), 
	KITCHEN_FLAG VARCHAR2(1), 
	LAST_UPDATED VARCHAR2(120)
   )  ;
   
Insert into GOD_CENTRES (CITY_UNIT_CODE,CENTRE_CODE,CENTRE_NAME,DESCRIPTION,CENTRE_TYPE,PRIMARY_PHONE_NUMBER,ALTERNATE_PHONE_NUMBER,COORDINATOR_FLAG,COORDINATOR_PHONE_NUMBER,EMAIL_ADDRESS,ADDRESS,NUMBER_OF_RESIDENTS,NUMBER_OF_CLASSROOMS,CLASSROOM_FURNITURE_FLAG,WRITING_BOARD_TYPE,PARKING_TYPE,WATER_DISPENSER_FLAG,STATIONERY_FLAG,STORAGE_FLAG,SECURITY_FLAG,POWER_BACKUP_FLAG,MEDICAL_KIT_FLAG,GUEST_TOILET_FLAG,KITCHEN_FLAG,LAST_UPDATED) values ('BANGALORE','BLR01','Shishu Mandir','NGO for Disadvantage Children','BOTH','8899889988','9988998899','Y','8899889988','blr01@godreams.org','GARDEN CITY UNIVERSITY, Kithaganur Main Rd, Padmeshwari Nagar, Battarahalli, Bengaluru, Karnataka 560049',120,2,'Y','BOTH','B','Y','Y','Y','Y','Y','Y','Y','Y',null);
Insert into GOD_CENTRES (CITY_UNIT_CODE,CENTRE_CODE,CENTRE_NAME,DESCRIPTION,CENTRE_TYPE,PRIMARY_PHONE_NUMBER,ALTERNATE_PHONE_NUMBER,COORDINATOR_FLAG,COORDINATOR_PHONE_NUMBER,EMAIL_ADDRESS,ADDRESS,NUMBER_OF_RESIDENTS,NUMBER_OF_CLASSROOMS,CLASSROOM_FURNITURE_FLAG,WRITING_BOARD_TYPE,PARKING_TYPE,WATER_DISPENSER_FLAG,STATIONERY_FLAG,STORAGE_FLAG,SECURITY_FLAG,POWER_BACKUP_FLAG,MEDICAL_KIT_FLAG,GUEST_TOILET_FLAG,KITCHEN_FLAG,LAST_UPDATED) values ('BANGALORE','BLR02','Auxilium Navajeevana','Non-governmental, non–profitable voluntary organization established in the year 1995, for children in need of care and protection','BOTH','8899889988','9988998899','Y','8899889988','blr02@godreams.org','Hombegowda Nagar, 257, 1st Main Rd, Chamrajpet, Bengaluru, Karnataka 560018',120,2,'Y','B','B','Y','Y','Y','Y','Y','Y','Y','Y',null);
Insert into GOD_CENTRES (CITY_UNIT_CODE,CENTRE_CODE,CENTRE_NAME,DESCRIPTION,CENTRE_TYPE,PRIMARY_PHONE_NUMBER,ALTERNATE_PHONE_NUMBER,COORDINATOR_FLAG,COORDINATOR_PHONE_NUMBER,EMAIL_ADDRESS,ADDRESS,NUMBER_OF_RESIDENTS,NUMBER_OF_CLASSROOMS,CLASSROOM_FURNITURE_FLAG,WRITING_BOARD_TYPE,PARKING_TYPE,WATER_DISPENSER_FLAG,STATIONERY_FLAG,STORAGE_FLAG,SECURITY_FLAG,POWER_BACKUP_FLAG,MEDICAL_KIT_FLAG,GUEST_TOILET_FLAG,KITCHEN_FLAG,LAST_UPDATED) values ('BANGALORE','BLR03','Sparsha Trust Nisarga Grama','Registered Charitable Trust which is working for the holistic development and rehabilitation of children living in difficult socio-economic and personal circumstances','BOTH','8899889988','9988998899','Y','8899889988','blr03@godreams.org','2nd Cross, 12th Main Rd, 1st Stage, Gokula 1st Stage, HMT Layout, Mathikere, Bengaluru, Karnataka 560054',120,2,'Y','B','B','Y','Y','Y','Y','Y','Y','Y','Y',null);
Insert into GOD_CENTRES (CITY_UNIT_CODE,CENTRE_CODE,CENTRE_NAME,DESCRIPTION,CENTRE_TYPE,PRIMARY_PHONE_NUMBER,ALTERNATE_PHONE_NUMBER,COORDINATOR_FLAG,COORDINATOR_PHONE_NUMBER,EMAIL_ADDRESS,ADDRESS,NUMBER_OF_RESIDENTS,NUMBER_OF_CLASSROOMS,CLASSROOM_FURNITURE_FLAG,WRITING_BOARD_TYPE,PARKING_TYPE,WATER_DISPENSER_FLAG,STATIONERY_FLAG,STORAGE_FLAG,SECURITY_FLAG,POWER_BACKUP_FLAG,MEDICAL_KIT_FLAG,GUEST_TOILET_FLAG,KITCHEN_FLAG,LAST_UPDATED) values ('CHENNAI','CHN01','Ramakrishna Mission Students Homes','Residential and day school and polytechnic for poor, destitute and orphan boys & girls','BOYS','8899889988','9988998899','Y','8899889988','chn01@godreams.org','66, Sir, PS Sivasamy Salai, Mylapore, Chennai, Tamil Nadu 600004',120,2,'Y','BLACK','BIKE','N','Y','N','Y','Y','Y','Y','Y','chennai');
Insert into GOD_CENTRES (CITY_UNIT_CODE,CENTRE_CODE,CENTRE_NAME,DESCRIPTION,CENTRE_TYPE,PRIMARY_PHONE_NUMBER,ALTERNATE_PHONE_NUMBER,COORDINATOR_FLAG,COORDINATOR_PHONE_NUMBER,EMAIL_ADDRESS,ADDRESS,NUMBER_OF_RESIDENTS,NUMBER_OF_CLASSROOMS,CLASSROOM_FURNITURE_FLAG,WRITING_BOARD_TYPE,PARKING_TYPE,WATER_DISPENSER_FLAG,STATIONERY_FLAG,STORAGE_FLAG,SECURITY_FLAG,POWER_BACKUP_FLAG,MEDICAL_KIT_FLAG,GUEST_TOILET_FLAG,KITCHEN_FLAG,LAST_UPDATED) values ('CHENNAI','CHN02','Annaikum Karangal','Non profit charity created by like minded people working ir rural and urban','BOTH','8899889988','9988998899','Y','8899889988','chn02@godreams.org','75, Kannagai St, Puzhuthivakkam, Madipakkam, Chennai, Tamil Nadu 600091',120,2,'Y','B','B','Y','Y','Y','Y','Y','Y','Y','Y',null);
Insert into GOD_CENTRES (CITY_UNIT_CODE,CENTRE_CODE,CENTRE_NAME,DESCRIPTION,CENTRE_TYPE,PRIMARY_PHONE_NUMBER,ALTERNATE_PHONE_NUMBER,COORDINATOR_FLAG,COORDINATOR_PHONE_NUMBER,EMAIL_ADDRESS,ADDRESS,NUMBER_OF_RESIDENTS,NUMBER_OF_CLASSROOMS,CLASSROOM_FURNITURE_FLAG,WRITING_BOARD_TYPE,PARKING_TYPE,WATER_DISPENSER_FLAG,STATIONERY_FLAG,STORAGE_FLAG,SECURITY_FLAG,POWER_BACKUP_FLAG,MEDICAL_KIT_FLAG,GUEST_TOILET_FLAG,KITCHEN_FLAG,LAST_UPDATED) values ('CHENNAI','CHN03','Peace Garden Home','Non-Profit, Non-Governmental Organization doing dedicated service to the needy sections of the society, especially destitute Children, deserted women, abandoned babies and helpless old women','BOTH','8899889988','9988998899','Y','8899889988','chn03@godreams.org','Kumizhi, Nallambakkam, Tamil Nadu 603202',120,2,'Y','B','B','Y','Y','Y','Y','Y','Y','Y','Y',null);
Insert into GOD_CENTRES (CITY_UNIT_CODE,CENTRE_CODE,CENTRE_NAME,DESCRIPTION,CENTRE_TYPE,PRIMARY_PHONE_NUMBER,ALTERNATE_PHONE_NUMBER,COORDINATOR_FLAG,COORDINATOR_PHONE_NUMBER,EMAIL_ADDRESS,ADDRESS,NUMBER_OF_RESIDENTS,NUMBER_OF_CLASSROOMS,CLASSROOM_FURNITURE_FLAG,WRITING_BOARD_TYPE,PARKING_TYPE,WATER_DISPENSER_FLAG,STATIONERY_FLAG,STORAGE_FLAG,SECURITY_FLAG,POWER_BACKUP_FLAG,MEDICAL_KIT_FLAG,GUEST_TOILET_FLAG,KITCHEN_FLAG,LAST_UPDATED) values ('KOCHI','KOC01','Janaseva Shisshubhavan','Non political charitable institution for underprivileged children','BOTH','9989889987','9988998890','Y','8899889988','koc01@godreams.org','Janaseva Sisubhavan U.C. College P.O. Aluva, Ernakulam Kerala 683103',119,3,'N','BOTH','BOTH','Y','N','Y','Y','Y','Y','Y','N','admin');
Insert into GOD_CENTRES (CITY_UNIT_CODE,CENTRE_CODE,CENTRE_NAME,DESCRIPTION,CENTRE_TYPE,PRIMARY_PHONE_NUMBER,ALTERNATE_PHONE_NUMBER,COORDINATOR_FLAG,COORDINATOR_PHONE_NUMBER,EMAIL_ADDRESS,ADDRESS,NUMBER_OF_RESIDENTS,NUMBER_OF_CLASSROOMS,CLASSROOM_FURNITURE_FLAG,WRITING_BOARD_TYPE,PARKING_TYPE,WATER_DISPENSER_FLAG,STATIONERY_FLAG,STORAGE_FLAG,SECURITY_FLAG,POWER_BACKUP_FLAG,MEDICAL_KIT_FLAG,GUEST_TOILET_FLAG,KITCHEN_FLAG,LAST_UPDATED) values ('KOCHI','KOC02','Sacred Hearts Boys Home','ORDER OF DISCALCED CARMELITES (O. C. D.)','BOYS','8899889988','9988998899','Y','8899889988','koc02@godreams.org','Perumbadappu Rd, near Subramanya Temple, Perumpadappu, Kochi, Kerala 682006',120,2,'Y','B','B','Y','Y','Y','Y','Y','Y','Y','Y',null);
Insert into GOD_CENTRES (CITY_UNIT_CODE,CENTRE_CODE,CENTRE_NAME,DESCRIPTION,CENTRE_TYPE,PRIMARY_PHONE_NUMBER,ALTERNATE_PHONE_NUMBER,COORDINATOR_FLAG,COORDINATOR_PHONE_NUMBER,EMAIL_ADDRESS,ADDRESS,NUMBER_OF_RESIDENTS,NUMBER_OF_CLASSROOMS,CLASSROOM_FURNITURE_FLAG,WRITING_BOARD_TYPE,PARKING_TYPE,WATER_DISPENSER_FLAG,STATIONERY_FLAG,STORAGE_FLAG,SECURITY_FLAG,POWER_BACKUP_FLAG,MEDICAL_KIT_FLAG,GUEST_TOILET_FLAG,KITCHEN_FLAG,LAST_UPDATED) values ('KOCHI','KOC03','Karunya Bhavan','Home for orphans and destitutes run by Najathul Islam Trust,Edavanakad','BOYS','8899889988','9988998899','Y','8899889988','koc03@godreams.org','Edavanakkad, Vypin, Kochi, Kerala 682502',120,2,'Y','BOTH','BOTH','Y','Y','Y','Y','Y','Y','Y','Y','vkoc1001@godreams.org');
Insert into GOD_CENTRES (CITY_UNIT_CODE,CENTRE_CODE,CENTRE_NAME,DESCRIPTION,CENTRE_TYPE,PRIMARY_PHONE_NUMBER,ALTERNATE_PHONE_NUMBER,COORDINATOR_FLAG,COORDINATOR_PHONE_NUMBER,EMAIL_ADDRESS,ADDRESS,NUMBER_OF_RESIDENTS,NUMBER_OF_CLASSROOMS,CLASSROOM_FURNITURE_FLAG,WRITING_BOARD_TYPE,PARKING_TYPE,WATER_DISPENSER_FLAG,STATIONERY_FLAG,STORAGE_FLAG,SECURITY_FLAG,POWER_BACKUP_FLAG,MEDICAL_KIT_FLAG,GUEST_TOILET_FLAG,KITCHEN_FLAG,LAST_UPDATED) values ('KOCHI','KOC04','Valsalya Bhavan','Orphanage established by Don Bosco society in 1997 to cater to the needs of girls in distress caused by neglect, abuse or rejection.','GIRLS','8899889988','9988998899','Y','8899889988','koc04@godreams.org','Panakattampilly Road, near PRiiS Trading Company, Anjumuri, Thammanam, Ernakulam, Kerala 682032',120,2,'Y','BOTH','BOTH','Y','Y','Y','Y','Y','Y','Y','Y','vkoc1001@godreams.org');
Insert into GOD_CENTRES (CITY_UNIT_CODE,CENTRE_CODE,CENTRE_NAME,DESCRIPTION,CENTRE_TYPE,PRIMARY_PHONE_NUMBER,ALTERNATE_PHONE_NUMBER,COORDINATOR_FLAG,COORDINATOR_PHONE_NUMBER,EMAIL_ADDRESS,ADDRESS,NUMBER_OF_RESIDENTS,NUMBER_OF_CLASSROOMS,CLASSROOM_FURNITURE_FLAG,WRITING_BOARD_TYPE,PARKING_TYPE,WATER_DISPENSER_FLAG,STATIONERY_FLAG,STORAGE_FLAG,SECURITY_FLAG,POWER_BACKUP_FLAG,MEDICAL_KIT_FLAG,GUEST_TOILET_FLAG,KITCHEN_FLAG,LAST_UPDATED) values ('KOCHI','KOC05','Crescent Orphanage','Orphanges for Girls and Boys in Alleppey','BOTH','8899889988','9988998899','Y','8899889988','koc05@godreams.org','CCSB Rd, Civil Station Ward, Alappuzha, Kerala 688001',120,2,'Y','BOTH','BOTH','Y','Y','Y','Y','Y','Y','Y','Y','VKOC1001@godreams.org');

--GOD_BATCHES
  CREATE TABLE GOD_BATCHES 
   (BATCH_CODE VARCHAR2(30) PRIMARY KEY, 
	BATCH_NAME VARCHAR2(120), 
	CENTRE_CODE VARCHAR2(30)
   ) ;
   
   
Insert into GOD_BATCHES (BATCH_CODE,BATCH_NAME,CENTRE_CODE) values ('BLR01A','First Batch (Morning)','BLR01');
Insert into GOD_BATCHES (BATCH_CODE,BATCH_NAME,CENTRE_CODE) values ('BLR01B','Second Batch (Morning)','BLR01');
Insert into GOD_BATCHES (BATCH_CODE,BATCH_NAME,CENTRE_CODE) values ('BLR01C','First Batch (Evening)','BLR01');
Insert into GOD_BATCHES (BATCH_CODE,BATCH_NAME,CENTRE_CODE) values ('BLR01D','Second Batch (Evening)','BLR01');
Insert into GOD_BATCHES (BATCH_CODE,BATCH_NAME,CENTRE_CODE) values ('BLR02A','First Batch (Morning)','BLR02');
Insert into GOD_BATCHES (BATCH_CODE,BATCH_NAME,CENTRE_CODE) values ('BLR02B','Second Batch (Morning)','BLR02');
Insert into GOD_BATCHES (BATCH_CODE,BATCH_NAME,CENTRE_CODE) values ('BLR02C','First Batch (Evening)','BLR02');
Insert into GOD_BATCHES (BATCH_CODE,BATCH_NAME,CENTRE_CODE) values ('BLR02D','Second Batch (Evening)','BLR02');
Insert into GOD_BATCHES (BATCH_CODE,BATCH_NAME,CENTRE_CODE) values ('BLR03A','First Batch (Morning)','BLR03');
Insert into GOD_BATCHES (BATCH_CODE,BATCH_NAME,CENTRE_CODE) values ('BLR03B','Second Batch (Morning)','BLR03');
Insert into GOD_BATCHES (BATCH_CODE,BATCH_NAME,CENTRE_CODE) values ('BLR03C','First Batch (Evening)','BLR03');
Insert into GOD_BATCHES (BATCH_CODE,BATCH_NAME,CENTRE_CODE) values ('BLR03D','Second Batch (Evening)','BLR03');
Insert into GOD_BATCHES (BATCH_CODE,BATCH_NAME,CENTRE_CODE) values ('CHN01A','First Batch (Morning)','CHN01');
Insert into GOD_BATCHES (BATCH_CODE,BATCH_NAME,CENTRE_CODE) values ('CHN01B','Second Batch (Morning)','CHN01');
Insert into GOD_BATCHES (BATCH_CODE,BATCH_NAME,CENTRE_CODE) values ('CHN01C','First Batch (Evening)','CHN01');
Insert into GOD_BATCHES (BATCH_CODE,BATCH_NAME,CENTRE_CODE) values ('CHN01D','Second Batch (Evening)','CHN01');
Insert into GOD_BATCHES (BATCH_CODE,BATCH_NAME,CENTRE_CODE) values ('CHN02A','First Batch (Morning)','CHN02');
Insert into GOD_BATCHES (BATCH_CODE,BATCH_NAME,CENTRE_CODE) values ('CHN02B','Second Batch (Morning)','CHN02');
Insert into GOD_BATCHES (BATCH_CODE,BATCH_NAME,CENTRE_CODE) values ('CHN02C','First Batch (Evening)','CHN02');
Insert into GOD_BATCHES (BATCH_CODE,BATCH_NAME,CENTRE_CODE) values ('CHN02D','Second Batch (Evening)','CHN02');
Insert into GOD_BATCHES (BATCH_CODE,BATCH_NAME,CENTRE_CODE) values ('CHN03A','First Batch (Morning)','CHN03');
Insert into GOD_BATCHES (BATCH_CODE,BATCH_NAME,CENTRE_CODE) values ('CHN03B','Second Batch (Morning)','CHN03');
Insert into GOD_BATCHES (BATCH_CODE,BATCH_NAME,CENTRE_CODE) values ('CHN03C','First Batch (Evening)','CHN03');
Insert into GOD_BATCHES (BATCH_CODE,BATCH_NAME,CENTRE_CODE) values ('CHN03D','Second Batch (Evening)','CHN03');
Insert into GOD_BATCHES (BATCH_CODE,BATCH_NAME,CENTRE_CODE) values ('CHN04A','First Batch (Morning)','CHN04');
Insert into GOD_BATCHES (BATCH_CODE,BATCH_NAME,CENTRE_CODE) values ('CHN04B','Second Batch (Morning)','CHN04');
Insert into GOD_BATCHES (BATCH_CODE,BATCH_NAME,CENTRE_CODE) values ('CHN04C','First Batch (Evening)','CHN04');
Insert into GOD_BATCHES (BATCH_CODE,BATCH_NAME,CENTRE_CODE) values ('CHN04D','Second Batch (Evening)','CHN04');
Insert into GOD_BATCHES (BATCH_CODE,BATCH_NAME,CENTRE_CODE) values ('CHN05A','First Batch (Morning)','CHN05');
Insert into GOD_BATCHES (BATCH_CODE,BATCH_NAME,CENTRE_CODE) values ('CHN05B','Second Batch (Morning)','CHN05');
Insert into GOD_BATCHES (BATCH_CODE,BATCH_NAME,CENTRE_CODE) values ('CHN05C','First Batch (Evening)','CHN05');
Insert into GOD_BATCHES (BATCH_CODE,BATCH_NAME,CENTRE_CODE) values ('CHN05D','Second Batch (Evening)','CHN05');
Insert into GOD_BATCHES (BATCH_CODE,BATCH_NAME,CENTRE_CODE) values ('KOC01A','First Batch (Morning)','KOC01');
Insert into GOD_BATCHES (BATCH_CODE,BATCH_NAME,CENTRE_CODE) values ('KOC01B','Second Batch (Morning)','KOC01');
Insert into GOD_BATCHES (BATCH_CODE,BATCH_NAME,CENTRE_CODE) values ('KOC01C','First Batch (Evening)','KOC01');
Insert into GOD_BATCHES (BATCH_CODE,BATCH_NAME,CENTRE_CODE) values ('KOC01D','Second Batch (Evening)','KOC01');
Insert into GOD_BATCHES (BATCH_CODE,BATCH_NAME,CENTRE_CODE) values ('KOC02A','First Batch (Morning)','KOC02');
Insert into GOD_BATCHES (BATCH_CODE,BATCH_NAME,CENTRE_CODE) values ('KOC02B','Second Batch (Morning)','KOC02');
Insert into GOD_BATCHES (BATCH_CODE,BATCH_NAME,CENTRE_CODE) values ('KOC02C','First Batch (Evening)','KOC02');
Insert into GOD_BATCHES (BATCH_CODE,BATCH_NAME,CENTRE_CODE) values ('KOC02D','Second Batch (Evening)','KOC02');
Insert into GOD_BATCHES (BATCH_CODE,BATCH_NAME,CENTRE_CODE) values ('KOC03A','First Batch (Morning)','KOC03');
Insert into GOD_BATCHES (BATCH_CODE,BATCH_NAME,CENTRE_CODE) values ('KOC03B','Second Batch (Morning)','KOC03');
Insert into GOD_BATCHES (BATCH_CODE,BATCH_NAME,CENTRE_CODE) values ('KOC03C','First Batch (Evening)','KOC03');
Insert into GOD_BATCHES (BATCH_CODE,BATCH_NAME,CENTRE_CODE) values ('KOC03D','Second Batch (Evening)','KOC03');


--GOD_STUDENTS

CREATE TABLE GOD_STUDENTS 
   (CENTRE_CODE VARCHAR2(30) PRIMARY KEY, 
	BATCH_CODE VARCHAR2(30), 
	STUDENT_CODE VARCHAR2(30), 
	GENDER VARCHAR2(30), 
	FIRST_NAME VARCHAR2(60), 
	MIDDLE_NAME VARCHAR2(60), 
	LAST_NAME VARCHAR2(60), 
	BIRTH_DATE DATE, 
	SCHOOL_GRADE NUMBER(2,0), 
	NATIONAL_IDENTIFIER_FLAG VARCHAR2(1)
   );
   
Insert into GOD_STUDENTS (CENTRE_CODE,BATCH_CODE,STUDENT_CODE,GENDER,FIRST_NAME,MIDDLE_NAME,LAST_NAME,BIRTH_DATE,SCHOOL_GRADE,NATIONAL_IDENTIFIER_FLAG) values ('BLR01','BLR01A','BLR010001','MALE','Vismay','Kumar','Sharma',to_date('01-01-17','DD-MM-RR'),1,'Y');
Insert into GOD_STUDENTS (CENTRE_CODE,BATCH_CODE,STUDENT_CODE,GENDER,FIRST_NAME,MIDDLE_NAME,LAST_NAME,BIRTH_DATE,SCHOOL_GRADE,NATIONAL_IDENTIFIER_FLAG) values ('BLR01','BLR01A','BLR010002','FEMALE','Sanjana',null,'Sanil',to_date('02-07-18','DD-MM-RR'),1,'Y');
Insert into GOD_STUDENTS (CENTRE_CODE,BATCH_CODE,STUDENT_CODE,GENDER,FIRST_NAME,MIDDLE_NAME,LAST_NAME,BIRTH_DATE,SCHOOL_GRADE,NATIONAL_IDENTIFIER_FLAG) values ('BLR01','BLR01A','BLR010003','MALE','Uday','Nivas','Negi',to_date('31-08-17','DD-MM-RR'),1,'Y');
Insert into GOD_STUDENTS (CENTRE_CODE,BATCH_CODE,STUDENT_CODE,GENDER,FIRST_NAME,MIDDLE_NAME,LAST_NAME,BIRTH_DATE,SCHOOL_GRADE,NATIONAL_IDENTIFIER_FLAG) values ('BLR01','BLR01A','BLR010004','MALE','Nilay',null,'Sood',to_date('09-01-17','DD-MM-RR'),1,'Y');
Insert into GOD_STUDENTS (CENTRE_CODE,BATCH_CODE,STUDENT_CODE,GENDER,FIRST_NAME,MIDDLE_NAME,LAST_NAME,BIRTH_DATE,SCHOOL_GRADE,NATIONAL_IDENTIFIER_FLAG) values ('BLR01','BLR01A','BLR010005','FEMALE','Gauri',null,'Daman',to_date('11-09-18','DD-MM-RR'),1,'N');
Insert into GOD_STUDENTS (CENTRE_CODE,BATCH_CODE,STUDENT_CODE,GENDER,FIRST_NAME,MIDDLE_NAME,LAST_NAME,BIRTH_DATE,SCHOOL_GRADE,NATIONAL_IDENTIFIER_FLAG) values ('BLR01','BLR01A','BLR010006','MALE','Rashid',null,'Rahiman',to_date('13-04-17','DD-MM-RR'),1,'Y');
Insert into GOD_STUDENTS (CENTRE_CODE,BATCH_CODE,STUDENT_CODE,GENDER,FIRST_NAME,MIDDLE_NAME,LAST_NAME,BIRTH_DATE,SCHOOL_GRADE,NATIONAL_IDENTIFIER_FLAG) values ('BLR01','BLR01B','BLR010007','MALE','Vismay','Kumar','Sharma',to_date('01-01-16','DD-MM-RR'),2,'Y');
Insert into GOD_STUDENTS (CENTRE_CODE,BATCH_CODE,STUDENT_CODE,GENDER,FIRST_NAME,MIDDLE_NAME,LAST_NAME,BIRTH_DATE,SCHOOL_GRADE,NATIONAL_IDENTIFIER_FLAG) values ('BLR01','BLR01B','BLR010008','FEMALE','Sanjana',null,'Sanil',to_date('02-07-16','DD-MM-RR'),2,'Y');
Insert into GOD_STUDENTS (CENTRE_CODE,BATCH_CODE,STUDENT_CODE,GENDER,FIRST_NAME,MIDDLE_NAME,LAST_NAME,BIRTH_DATE,SCHOOL_GRADE,NATIONAL_IDENTIFIER_FLAG) values ('BLR01','BLR01B','BLR010009','MALE','Uday','Nivas','Negi',to_date('31-08-17','DD-MM-RR'),2,'Y');
Insert into GOD_STUDENTS (CENTRE_CODE,BATCH_CODE,STUDENT_CODE,GENDER,FIRST_NAME,MIDDLE_NAME,LAST_NAME,BIRTH_DATE,SCHOOL_GRADE,NATIONAL_IDENTIFIER_FLAG) values ('BLR01','BLR01B','BLR0100010','MALE','Nilay',null,'Sood',to_date('09-01-16','DD-MM-RR'),2,'Y');
Insert into GOD_STUDENTS (CENTRE_CODE,BATCH_CODE,STUDENT_CODE,GENDER,FIRST_NAME,MIDDLE_NAME,LAST_NAME,BIRTH_DATE,SCHOOL_GRADE,NATIONAL_IDENTIFIER_FLAG) values ('BLR01','BLR01B','BLR0100011','FEMALE','Gauri',null,'Daman',to_date('11-09-16','DD-MM-RR'),2,'N');
Insert into GOD_STUDENTS (CENTRE_CODE,BATCH_CODE,STUDENT_CODE,GENDER,FIRST_NAME,MIDDLE_NAME,LAST_NAME,BIRTH_DATE,SCHOOL_GRADE,NATIONAL_IDENTIFIER_FLAG) values ('BLR01','BLR01B','BLR0100012','MALE','Rashid',null,'Rahiman',to_date('13-04-16','DD-MM-RR'),2,'Y');
Insert into GOD_STUDENTS (CENTRE_CODE,BATCH_CODE,STUDENT_CODE,GENDER,FIRST_NAME,MIDDLE_NAME,LAST_NAME,BIRTH_DATE,SCHOOL_GRADE,NATIONAL_IDENTIFIER_FLAG) values ('BLR01','BLR01C','BLR0100013','MALE','Vismay','Kumar','Sharma',to_date('01-01-15','DD-MM-RR'),3,'Y');
Insert into GOD_STUDENTS (CENTRE_CODE,BATCH_CODE,STUDENT_CODE,GENDER,FIRST_NAME,MIDDLE_NAME,LAST_NAME,BIRTH_DATE,SCHOOL_GRADE,NATIONAL_IDENTIFIER_FLAG) values ('BLR01','BLR01C','BLR0100014','FEMALE','Sanjana',null,'Sanil',to_date('02-07-15','DD-MM-RR'),3,'Y');
Insert into GOD_STUDENTS (CENTRE_CODE,BATCH_CODE,STUDENT_CODE,GENDER,FIRST_NAME,MIDDLE_NAME,LAST_NAME,BIRTH_DATE,SCHOOL_GRADE,NATIONAL_IDENTIFIER_FLAG) values ('BLR01','BLR01C','BLR0100015','MALE','Uday','Nivas','Negi',to_date('31-08-15','DD-MM-RR'),3,'Y');
Insert into GOD_STUDENTS (CENTRE_CODE,BATCH_CODE,STUDENT_CODE,GENDER,FIRST_NAME,MIDDLE_NAME,LAST_NAME,BIRTH_DATE,SCHOOL_GRADE,NATIONAL_IDENTIFIER_FLAG) values ('BLR01','BLR01C','BLR0100016','MALE','Nilay',null,'Sood',to_date('09-01-14','DD-MM-RR'),3,'Y');
Insert into GOD_STUDENTS (CENTRE_CODE,BATCH_CODE,STUDENT_CODE,GENDER,FIRST_NAME,MIDDLE_NAME,LAST_NAME,BIRTH_DATE,SCHOOL_GRADE,NATIONAL_IDENTIFIER_FLAG) values ('BLR01','BLR01C','BLR0100017','FEMALE','Gauri',null,'Daman',to_date('11-09-15','DD-MM-RR'),3,'N');
Insert into GOD_STUDENTS (CENTRE_CODE,BATCH_CODE,STUDENT_CODE,GENDER,FIRST_NAME,MIDDLE_NAME,LAST_NAME,BIRTH_DATE,SCHOOL_GRADE,NATIONAL_IDENTIFIER_FLAG) values ('BLR01','BLR01C','BLR0100018','MALE','Rashid',null,'Rahiman',to_date('13-04-15','DD-MM-RR'),3,'Y');
Insert into GOD_STUDENTS (CENTRE_CODE,BATCH_CODE,STUDENT_CODE,GENDER,FIRST_NAME,MIDDLE_NAME,LAST_NAME,BIRTH_DATE,SCHOOL_GRADE,NATIONAL_IDENTIFIER_FLAG) values ('BLR01','BLR01D','BLR0100019','MALE','Vismay','Kumar','Sharma',to_date('01-01-15','DD-MM-RR'),3,'Y');
Insert into GOD_STUDENTS (CENTRE_CODE,BATCH_CODE,STUDENT_CODE,GENDER,FIRST_NAME,MIDDLE_NAME,LAST_NAME,BIRTH_DATE,SCHOOL_GRADE,NATIONAL_IDENTIFIER_FLAG) values ('BLR01','BLR01D','BLR0100020','FEMALE','Sanjana',null,'Sanil',to_date('02-07-15','DD-MM-RR'),3,'Y');
Insert into GOD_STUDENTS (CENTRE_CODE,BATCH_CODE,STUDENT_CODE,GENDER,FIRST_NAME,MIDDLE_NAME,LAST_NAME,BIRTH_DATE,SCHOOL_GRADE,NATIONAL_IDENTIFIER_FLAG) values ('BLR01','BLR01D','BLR0100021','MALE','Uday','Nivas','Negi',to_date('31-08-15','DD-MM-RR'),3,'Y');
Insert into GOD_STUDENTS (CENTRE_CODE,BATCH_CODE,STUDENT_CODE,GENDER,FIRST_NAME,MIDDLE_NAME,LAST_NAME,BIRTH_DATE,SCHOOL_GRADE,NATIONAL_IDENTIFIER_FLAG) values ('BLR01','BLR01D','BLR0100022','MALE','Nilay',null,'Sood',to_date('09-01-14','DD-MM-RR'),3,'Y');
Insert into GOD_STUDENTS (CENTRE_CODE,BATCH_CODE,STUDENT_CODE,GENDER,FIRST_NAME,MIDDLE_NAME,LAST_NAME,BIRTH_DATE,SCHOOL_GRADE,NATIONAL_IDENTIFIER_FLAG) values ('BLR01','BLR01D','BLR0100023','FEMALE','Gauri',null,'Daman',to_date('11-09-15','DD-MM-RR'),3,'N');
Insert into GOD_STUDENTS (CENTRE_CODE,BATCH_CODE,STUDENT_CODE,GENDER,FIRST_NAME,MIDDLE_NAME,LAST_NAME,BIRTH_DATE,SCHOOL_GRADE,NATIONAL_IDENTIFIER_FLAG) values ('BLR01','BLR01D','BLR0100024','MALE','Rashid',null,'Rahiman',to_date('13-04-15','DD-MM-RR'),3,'Y');
Insert into GOD_STUDENTS (CENTRE_CODE,BATCH_CODE,STUDENT_CODE,GENDER,FIRST_NAME,MIDDLE_NAME,LAST_NAME,BIRTH_DATE,SCHOOL_GRADE,NATIONAL_IDENTIFIER_FLAG) values ('BLR02','BLR02A','BLR020001','MALE','Vismay','Kumar','Sharma',to_date('01-01-17','DD-MM-RR'),1,'Y');
Insert into GOD_STUDENTS (CENTRE_CODE,BATCH_CODE,STUDENT_CODE,GENDER,FIRST_NAME,MIDDLE_NAME,LAST_NAME,BIRTH_DATE,SCHOOL_GRADE,NATIONAL_IDENTIFIER_FLAG) values ('BLR02','BLR02A','BLR020002','FEMALE','Sanjana',null,'Sanil',to_date('02-07-18','DD-MM-RR'),1,'Y');
Insert into GOD_STUDENTS (CENTRE_CODE,BATCH_CODE,STUDENT_CODE,GENDER,FIRST_NAME,MIDDLE_NAME,LAST_NAME,BIRTH_DATE,SCHOOL_GRADE,NATIONAL_IDENTIFIER_FLAG) values ('BLR02','BLR02A','BLR020003','MALE','Uday','Nivas','Negi',to_date('31-08-17','DD-MM-RR'),1,'Y');
Insert into GOD_STUDENTS (CENTRE_CODE,BATCH_CODE,STUDENT_CODE,GENDER,FIRST_NAME,MIDDLE_NAME,LAST_NAME,BIRTH_DATE,SCHOOL_GRADE,NATIONAL_IDENTIFIER_FLAG) values ('BLR02','BLR02A','BLR020004','MALE','Nilay',null,'Sood',to_date('09-01-17','DD-MM-RR'),1,'Y');
Insert into GOD_STUDENTS (CENTRE_CODE,BATCH_CODE,STUDENT_CODE,GENDER,FIRST_NAME,MIDDLE_NAME,LAST_NAME,BIRTH_DATE,SCHOOL_GRADE,NATIONAL_IDENTIFIER_FLAG) values ('BLR02','BLR02A','BLR020005','FEMALE','Gauri',null,'Daman',to_date('11-09-18','DD-MM-RR'),1,'N');
Insert into GOD_STUDENTS (CENTRE_CODE,BATCH_CODE,STUDENT_CODE,GENDER,FIRST_NAME,MIDDLE_NAME,LAST_NAME,BIRTH_DATE,SCHOOL_GRADE,NATIONAL_IDENTIFIER_FLAG) values ('BLR02','BLR02A','BLR020006','MALE','Rashid',null,'Rahiman',to_date('13-04-17','DD-MM-RR'),1,'Y');
Insert into GOD_STUDENTS (CENTRE_CODE,BATCH_CODE,STUDENT_CODE,GENDER,FIRST_NAME,MIDDLE_NAME,LAST_NAME,BIRTH_DATE,SCHOOL_GRADE,NATIONAL_IDENTIFIER_FLAG) values ('BLR02','BLR02B','BLR020007','MALE','Vismay','Kumar','Sharma',to_date('01-01-16','DD-MM-RR'),2,'Y');
Insert into GOD_STUDENTS (CENTRE_CODE,BATCH_CODE,STUDENT_CODE,GENDER,FIRST_NAME,MIDDLE_NAME,LAST_NAME,BIRTH_DATE,SCHOOL_GRADE,NATIONAL_IDENTIFIER_FLAG) values ('BLR02','BLR02B','BLR020008','FEMALE','Sanjana',null,'Sanil',to_date('02-07-16','DD-MM-RR'),2,'Y');
Insert into GOD_STUDENTS (CENTRE_CODE,BATCH_CODE,STUDENT_CODE,GENDER,FIRST_NAME,MIDDLE_NAME,LAST_NAME,BIRTH_DATE,SCHOOL_GRADE,NATIONAL_IDENTIFIER_FLAG) values ('BLR02','BLR02B','BLR020009','MALE','Uday','Nivas','Negi',to_date('31-08-17','DD-MM-RR'),2,'Y');
Insert into GOD_STUDENTS (CENTRE_CODE,BATCH_CODE,STUDENT_CODE,GENDER,FIRST_NAME,MIDDLE_NAME,LAST_NAME,BIRTH_DATE,SCHOOL_GRADE,NATIONAL_IDENTIFIER_FLAG) values ('BLR02','BLR02B','BLR0200010','MALE','Nilay',null,'Sood',to_date('09-01-16','DD-MM-RR'),2,'Y');
Insert into GOD_STUDENTS (CENTRE_CODE,BATCH_CODE,STUDENT_CODE,GENDER,FIRST_NAME,MIDDLE_NAME,LAST_NAME,BIRTH_DATE,SCHOOL_GRADE,NATIONAL_IDENTIFIER_FLAG) values ('BLR02','BLR02B','BLR0200011','FEMALE','Gauri',null,'Daman',to_date('11-09-16','DD-MM-RR'),2,'N');
Insert into GOD_STUDENTS (CENTRE_CODE,BATCH_CODE,STUDENT_CODE,GENDER,FIRST_NAME,MIDDLE_NAME,LAST_NAME,BIRTH_DATE,SCHOOL_GRADE,NATIONAL_IDENTIFIER_FLAG) values ('BLR02','BLR02B','BLR0200012','MALE','Rashid',null,'Rahiman',to_date('13-04-16','DD-MM-RR'),2,'Y');
Insert into GOD_STUDENTS (CENTRE_CODE,BATCH_CODE,STUDENT_CODE,GENDER,FIRST_NAME,MIDDLE_NAME,LAST_NAME,BIRTH_DATE,SCHOOL_GRADE,NATIONAL_IDENTIFIER_FLAG) values ('BLR02','BLR02C','BLR0200013','MALE','Vismay','Kumar','Sharma',to_date('01-01-15','DD-MM-RR'),3,'Y');
Insert into GOD_STUDENTS (CENTRE_CODE,BATCH_CODE,STUDENT_CODE,GENDER,FIRST_NAME,MIDDLE_NAME,LAST_NAME,BIRTH_DATE,SCHOOL_GRADE,NATIONAL_IDENTIFIER_FLAG) values ('BLR02','BLR02C','BLR0200014','FEMALE','Sanjana',null,'Sanil',to_date('02-07-15','DD-MM-RR'),3,'Y');
Insert into GOD_STUDENTS (CENTRE_CODE,BATCH_CODE,STUDENT_CODE,GENDER,FIRST_NAME,MIDDLE_NAME,LAST_NAME,BIRTH_DATE,SCHOOL_GRADE,NATIONAL_IDENTIFIER_FLAG) values ('BLR02','BLR02C','BLR0200015','MALE','Uday','Nivas','Negi',to_date('31-08-15','DD-MM-RR'),3,'Y');
Insert into GOD_STUDENTS (CENTRE_CODE,BATCH_CODE,STUDENT_CODE,GENDER,FIRST_NAME,MIDDLE_NAME,LAST_NAME,BIRTH_DATE,SCHOOL_GRADE,NATIONAL_IDENTIFIER_FLAG) values ('BLR02','BLR02C','BLR0200016','MALE','Nilay',null,'Sood',to_date('09-01-14','DD-MM-RR'),3,'Y');
Insert into GOD_STUDENTS (CENTRE_CODE,BATCH_CODE,STUDENT_CODE,GENDER,FIRST_NAME,MIDDLE_NAME,LAST_NAME,BIRTH_DATE,SCHOOL_GRADE,NATIONAL_IDENTIFIER_FLAG) values ('BLR02','BLR02C','BLR0200017','FEMALE','Gauri',null,'Daman',to_date('11-09-15','DD-MM-RR'),3,'N');
Insert into GOD_STUDENTS (CENTRE_CODE,BATCH_CODE,STUDENT_CODE,GENDER,FIRST_NAME,MIDDLE_NAME,LAST_NAME,BIRTH_DATE,SCHOOL_GRADE,NATIONAL_IDENTIFIER_FLAG) values ('BLR02','BLR02C','BLR0200018','MALE','Rashid',null,'Rahiman',to_date('13-04-15','DD-MM-RR'),3,'Y');
Insert into GOD_STUDENTS (CENTRE_CODE,BATCH_CODE,STUDENT_CODE,GENDER,FIRST_NAME,MIDDLE_NAME,LAST_NAME,BIRTH_DATE,SCHOOL_GRADE,NATIONAL_IDENTIFIER_FLAG) values ('BLR02','BLR02D','BLR0200019','MALE','Vismay','Kumar','Sharma',to_date('01-01-15','DD-MM-RR'),3,'Y');
Insert into GOD_STUDENTS (CENTRE_CODE,BATCH_CODE,STUDENT_CODE,GENDER,FIRST_NAME,MIDDLE_NAME,LAST_NAME,BIRTH_DATE,SCHOOL_GRADE,NATIONAL_IDENTIFIER_FLAG) values ('BLR02','BLR02D','BLR0200020','FEMALE','Sanjana',null,'Sanil',to_date('02-07-15','DD-MM-RR'),3,'Y');
Insert into GOD_STUDENTS (CENTRE_CODE,BATCH_CODE,STUDENT_CODE,GENDER,FIRST_NAME,MIDDLE_NAME,LAST_NAME,BIRTH_DATE,SCHOOL_GRADE,NATIONAL_IDENTIFIER_FLAG) values ('BLR02','BLR02D','BLR0200021','MALE','Uday','Nivas','Negi',to_date('31-08-15','DD-MM-RR'),3,'Y');
Insert into GOD_STUDENTS (CENTRE_CODE,BATCH_CODE,STUDENT_CODE,GENDER,FIRST_NAME,MIDDLE_NAME,LAST_NAME,BIRTH_DATE,SCHOOL_GRADE,NATIONAL_IDENTIFIER_FLAG) values ('BLR02','BLR02D','BLR0200022','MALE','Nilay',null,'Sood',to_date('09-01-14','DD-MM-RR'),3,'Y');
Insert into GOD_STUDENTS (CENTRE_CODE,BATCH_CODE,STUDENT_CODE,GENDER,FIRST_NAME,MIDDLE_NAME,LAST_NAME,BIRTH_DATE,SCHOOL_GRADE,NATIONAL_IDENTIFIER_FLAG) values ('BLR02','BLR02D','BLR0200023','FEMALE','Gauri',null,'Daman',to_date('11-09-15','DD-MM-RR'),3,'N');
Insert into GOD_STUDENTS (CENTRE_CODE,BATCH_CODE,STUDENT_CODE,GENDER,FIRST_NAME,MIDDLE_NAME,LAST_NAME,BIRTH_DATE,SCHOOL_GRADE,NATIONAL_IDENTIFIER_FLAG) values ('BLR02','BLR02D','BLR0200024','MALE','Rashid',null,'Rahiman',to_date('13-04-15','DD-MM-RR'),3,'Y');
Insert into GOD_STUDENTS (CENTRE_CODE,BATCH_CODE,STUDENT_CODE,GENDER,FIRST_NAME,MIDDLE_NAME,LAST_NAME,BIRTH_DATE,SCHOOL_GRADE,NATIONAL_IDENTIFIER_FLAG) values ('BLR03','BLR03A','BLR030001','MALE','Vismay','Kumar','Sharma',to_date('01-01-17','DD-MM-RR'),1,'Y');
Insert into GOD_STUDENTS (CENTRE_CODE,BATCH_CODE,STUDENT_CODE,GENDER,FIRST_NAME,MIDDLE_NAME,LAST_NAME,BIRTH_DATE,SCHOOL_GRADE,NATIONAL_IDENTIFIER_FLAG) values ('BLR03','BLR03A','BLR030002','FEMALE','Sanjana',null,'Sanil',to_date('02-07-18','DD-MM-RR'),1,'Y');
Insert into GOD_STUDENTS (CENTRE_CODE,BATCH_CODE,STUDENT_CODE,GENDER,FIRST_NAME,MIDDLE_NAME,LAST_NAME,BIRTH_DATE,SCHOOL_GRADE,NATIONAL_IDENTIFIER_FLAG) values ('BLR03','BLR03A','BLR030003','MALE','Uday','Nivas','Negi',to_date('31-08-17','DD-MM-RR'),1,'Y');
Insert into GOD_STUDENTS (CENTRE_CODE,BATCH_CODE,STUDENT_CODE,GENDER,FIRST_NAME,MIDDLE_NAME,LAST_NAME,BIRTH_DATE,SCHOOL_GRADE,NATIONAL_IDENTIFIER_FLAG) values ('BLR03','BLR03A','BLR030004','MALE','Nilay',null,'Sood',to_date('09-01-17','DD-MM-RR'),1,'Y');
Insert into GOD_STUDENTS (CENTRE_CODE,BATCH_CODE,STUDENT_CODE,GENDER,FIRST_NAME,MIDDLE_NAME,LAST_NAME,BIRTH_DATE,SCHOOL_GRADE,NATIONAL_IDENTIFIER_FLAG) values ('BLR03','BLR03A','BLR030005','FEMALE','Gauri',null,'Daman',to_date('11-09-18','DD-MM-RR'),1,'N');
Insert into GOD_STUDENTS (CENTRE_CODE,BATCH_CODE,STUDENT_CODE,GENDER,FIRST_NAME,MIDDLE_NAME,LAST_NAME,BIRTH_DATE,SCHOOL_GRADE,NATIONAL_IDENTIFIER_FLAG) values ('BLR03','BLR03A','BLR030006','MALE','Rashid',null,'Rahiman',to_date('13-04-17','DD-MM-RR'),1,'Y');
Insert into GOD_STUDENTS (CENTRE_CODE,BATCH_CODE,STUDENT_CODE,GENDER,FIRST_NAME,MIDDLE_NAME,LAST_NAME,BIRTH_DATE,SCHOOL_GRADE,NATIONAL_IDENTIFIER_FLAG) values ('BLR03','BLR03B','BLR030007','MALE','Vismay','Kumar','Sharma',to_date('01-01-16','DD-MM-RR'),2,'Y');
Insert into GOD_STUDENTS (CENTRE_CODE,BATCH_CODE,STUDENT_CODE,GENDER,FIRST_NAME,MIDDLE_NAME,LAST_NAME,BIRTH_DATE,SCHOOL_GRADE,NATIONAL_IDENTIFIER_FLAG) values ('BLR03','BLR03B','BLR030008','FEMALE','Sanjana',null,'Sanil',to_date('02-07-16','DD-MM-RR'),2,'Y');
Insert into GOD_STUDENTS (CENTRE_CODE,BATCH_CODE,STUDENT_CODE,GENDER,FIRST_NAME,MIDDLE_NAME,LAST_NAME,BIRTH_DATE,SCHOOL_GRADE,NATIONAL_IDENTIFIER_FLAG) values ('BLR03','BLR03B','BLR030009','MALE','Uday','Nivas','Negi',to_date('31-08-17','DD-MM-RR'),2,'Y');
Insert into GOD_STUDENTS (CENTRE_CODE,BATCH_CODE,STUDENT_CODE,GENDER,FIRST_NAME,MIDDLE_NAME,LAST_NAME,BIRTH_DATE,SCHOOL_GRADE,NATIONAL_IDENTIFIER_FLAG) values ('BLR03','BLR03B','BLR0300010','MALE','Nilay',null,'Sood',to_date('09-01-16','DD-MM-RR'),2,'Y');
Insert into GOD_STUDENTS (CENTRE_CODE,BATCH_CODE,STUDENT_CODE,GENDER,FIRST_NAME,MIDDLE_NAME,LAST_NAME,BIRTH_DATE,SCHOOL_GRADE,NATIONAL_IDENTIFIER_FLAG) values ('BLR03','BLR03B','BLR0300011','FEMALE','Gauri',null,'Daman',to_date('11-09-16','DD-MM-RR'),2,'N');
Insert into GOD_STUDENTS (CENTRE_CODE,BATCH_CODE,STUDENT_CODE,GENDER,FIRST_NAME,MIDDLE_NAME,LAST_NAME,BIRTH_DATE,SCHOOL_GRADE,NATIONAL_IDENTIFIER_FLAG) values ('BLR03','BLR03B','BLR0300012','MALE','Rashid',null,'Rahiman',to_date('13-04-16','DD-MM-RR'),2,'Y');
Insert into GOD_STUDENTS (CENTRE_CODE,BATCH_CODE,STUDENT_CODE,GENDER,FIRST_NAME,MIDDLE_NAME,LAST_NAME,BIRTH_DATE,SCHOOL_GRADE,NATIONAL_IDENTIFIER_FLAG) values ('BLR03','BLR03C','BLR0300013','MALE','Vismay','Kumar','Sharma',to_date('01-01-15','DD-MM-RR'),3,'Y');
Insert into GOD_STUDENTS (CENTRE_CODE,BATCH_CODE,STUDENT_CODE,GENDER,FIRST_NAME,MIDDLE_NAME,LAST_NAME,BIRTH_DATE,SCHOOL_GRADE,NATIONAL_IDENTIFIER_FLAG) values ('BLR03','BLR03C','BLR0300014','FEMALE','Sanjana',null,'Sanil',to_date('02-07-15','DD-MM-RR'),3,'Y');
Insert into GOD_STUDENTS (CENTRE_CODE,BATCH_CODE,STUDENT_CODE,GENDER,FIRST_NAME,MIDDLE_NAME,LAST_NAME,BIRTH_DATE,SCHOOL_GRADE,NATIONAL_IDENTIFIER_FLAG) values ('BLR03','BLR03C','BLR0300015','MALE','Uday','Nivas','Negi',to_date('31-08-15','DD-MM-RR'),3,'Y');
Insert into GOD_STUDENTS (CENTRE_CODE,BATCH_CODE,STUDENT_CODE,GENDER,FIRST_NAME,MIDDLE_NAME,LAST_NAME,BIRTH_DATE,SCHOOL_GRADE,NATIONAL_IDENTIFIER_FLAG) values ('BLR03','BLR03C','BLR0300016','MALE','Nilay',null,'Sood',to_date('09-01-14','DD-MM-RR'),3,'Y');
Insert into GOD_STUDENTS (CENTRE_CODE,BATCH_CODE,STUDENT_CODE,GENDER,FIRST_NAME,MIDDLE_NAME,LAST_NAME,BIRTH_DATE,SCHOOL_GRADE,NATIONAL_IDENTIFIER_FLAG) values ('BLR03','BLR03C','BLR0300017','FEMALE','Gauri',null,'Daman',to_date('11-09-15','DD-MM-RR'),3,'N');
Insert into GOD_STUDENTS (CENTRE_CODE,BATCH_CODE,STUDENT_CODE,GENDER,FIRST_NAME,MIDDLE_NAME,LAST_NAME,BIRTH_DATE,SCHOOL_GRADE,NATIONAL_IDENTIFIER_FLAG) values ('BLR03','BLR03C','BLR0300018','MALE','Rashid',null,'Rahiman',to_date('13-04-15','DD-MM-RR'),3,'Y');
Insert into GOD_STUDENTS (CENTRE_CODE,BATCH_CODE,STUDENT_CODE,GENDER,FIRST_NAME,MIDDLE_NAME,LAST_NAME,BIRTH_DATE,SCHOOL_GRADE,NATIONAL_IDENTIFIER_FLAG) values ('BLR03','BLR03D','BLR0300019','MALE','Vismay','Kumar','Sharma',to_date('01-01-15','DD-MM-RR'),3,'Y');
Insert into GOD_STUDENTS (CENTRE_CODE,BATCH_CODE,STUDENT_CODE,GENDER,FIRST_NAME,MIDDLE_NAME,LAST_NAME,BIRTH_DATE,SCHOOL_GRADE,NATIONAL_IDENTIFIER_FLAG) values ('BLR03','BLR03D','BLR0300020','FEMALE','Sanjana',null,'Sanil',to_date('02-07-15','DD-MM-RR'),3,'Y');
Insert into GOD_STUDENTS (CENTRE_CODE,BATCH_CODE,STUDENT_CODE,GENDER,FIRST_NAME,MIDDLE_NAME,LAST_NAME,BIRTH_DATE,SCHOOL_GRADE,NATIONAL_IDENTIFIER_FLAG) values ('BLR03','BLR03D','BLR0300021','MALE','Uday','Nivas','Negi',to_date('31-08-15','DD-MM-RR'),3,'Y');
Insert into GOD_STUDENTS (CENTRE_CODE,BATCH_CODE,STUDENT_CODE,GENDER,FIRST_NAME,MIDDLE_NAME,LAST_NAME,BIRTH_DATE,SCHOOL_GRADE,NATIONAL_IDENTIFIER_FLAG) values ('BLR03','BLR03D','BLR0300022','MALE','Nilay',null,'Sood',to_date('09-01-14','DD-MM-RR'),3,'Y');
Insert into GOD_STUDENTS (CENTRE_CODE,BATCH_CODE,STUDENT_CODE,GENDER,FIRST_NAME,MIDDLE_NAME,LAST_NAME,BIRTH_DATE,SCHOOL_GRADE,NATIONAL_IDENTIFIER_FLAG) values ('BLR03','BLR03D','BLR0300023','FEMALE','Gauri',null,'Daman',to_date('11-09-15','DD-MM-RR'),3,'N');
Insert into GOD_STUDENTS (CENTRE_CODE,BATCH_CODE,STUDENT_CODE,GENDER,FIRST_NAME,MIDDLE_NAME,LAST_NAME,BIRTH_DATE,SCHOOL_GRADE,NATIONAL_IDENTIFIER_FLAG) values ('BLR03','BLR03D','BLR0300024','MALE','Rashid',null,'Rahiman',to_date('13-04-15','DD-MM-RR'),3,'Y');
Insert into GOD_STUDENTS (CENTRE_CODE,BATCH_CODE,STUDENT_CODE,GENDER,FIRST_NAME,MIDDLE_NAME,LAST_NAME,BIRTH_DATE,SCHOOL_GRADE,NATIONAL_IDENTIFIER_FLAG) values ('CHN01','CHN01A','CHN010001','MALE','Vismay','Kumar','Sharma',to_date('01-01-17','DD-MM-RR'),1,'Y');
Insert into GOD_STUDENTS (CENTRE_CODE,BATCH_CODE,STUDENT_CODE,GENDER,FIRST_NAME,MIDDLE_NAME,LAST_NAME,BIRTH_DATE,SCHOOL_GRADE,NATIONAL_IDENTIFIER_FLAG) values ('CHN01','CHN01A','CHN010002','FEMALE','Sanjana',null,'Sanil',to_date('02-07-18','DD-MM-RR'),1,'Y');
Insert into GOD_STUDENTS (CENTRE_CODE,BATCH_CODE,STUDENT_CODE,GENDER,FIRST_NAME,MIDDLE_NAME,LAST_NAME,BIRTH_DATE,SCHOOL_GRADE,NATIONAL_IDENTIFIER_FLAG) values ('CHN01','CHN01A','CHN010003','MALE','Uday','Nivas','Negi',to_date('31-08-17','DD-MM-RR'),1,'Y');
Insert into GOD_STUDENTS (CENTRE_CODE,BATCH_CODE,STUDENT_CODE,GENDER,FIRST_NAME,MIDDLE_NAME,LAST_NAME,BIRTH_DATE,SCHOOL_GRADE,NATIONAL_IDENTIFIER_FLAG) values ('CHN01','CHN01A','CHN010004','MALE','Nilay',null,'Sood',to_date('09-01-17','DD-MM-RR'),1,'Y');
Insert into GOD_STUDENTS (CENTRE_CODE,BATCH_CODE,STUDENT_CODE,GENDER,FIRST_NAME,MIDDLE_NAME,LAST_NAME,BIRTH_DATE,SCHOOL_GRADE,NATIONAL_IDENTIFIER_FLAG) values ('CHN01','CHN01A','CHN010005','FEMALE','Gauri',null,'Daman',to_date('11-09-18','DD-MM-RR'),1,'N');
Insert into GOD_STUDENTS (CENTRE_CODE,BATCH_CODE,STUDENT_CODE,GENDER,FIRST_NAME,MIDDLE_NAME,LAST_NAME,BIRTH_DATE,SCHOOL_GRADE,NATIONAL_IDENTIFIER_FLAG) values ('CHN01','CHN01A','CHN010006','MALE','Rashid',null,'Rahiman',to_date('13-04-17','DD-MM-RR'),1,'Y');
Insert into GOD_STUDENTS (CENTRE_CODE,BATCH_CODE,STUDENT_CODE,GENDER,FIRST_NAME,MIDDLE_NAME,LAST_NAME,BIRTH_DATE,SCHOOL_GRADE,NATIONAL_IDENTIFIER_FLAG) values ('CHN01','CHN01B','CHN010007','MALE','Vismay','Kumar','Sharma',to_date('01-01-16','DD-MM-RR'),2,'Y');
Insert into GOD_STUDENTS (CENTRE_CODE,BATCH_CODE,STUDENT_CODE,GENDER,FIRST_NAME,MIDDLE_NAME,LAST_NAME,BIRTH_DATE,SCHOOL_GRADE,NATIONAL_IDENTIFIER_FLAG) values ('CHN01','CHN01B','CHN010008','FEMALE','Sanjana',null,'Sanil',to_date('02-07-16','DD-MM-RR'),2,'Y');
Insert into GOD_STUDENTS (CENTRE_CODE,BATCH_CODE,STUDENT_CODE,GENDER,FIRST_NAME,MIDDLE_NAME,LAST_NAME,BIRTH_DATE,SCHOOL_GRADE,NATIONAL_IDENTIFIER_FLAG) values ('CHN01','CHN01B','CHN010009','MALE','Uday','Nivas','Negi',to_date('31-08-17','DD-MM-RR'),2,'Y');
Insert into GOD_STUDENTS (CENTRE_CODE,BATCH_CODE,STUDENT_CODE,GENDER,FIRST_NAME,MIDDLE_NAME,LAST_NAME,BIRTH_DATE,SCHOOL_GRADE,NATIONAL_IDENTIFIER_FLAG) values ('CHN01','CHN01B','CHN0100010','MALE','Nilay',null,'Sood',to_date('09-01-16','DD-MM-RR'),2,'Y');
Insert into GOD_STUDENTS (CENTRE_CODE,BATCH_CODE,STUDENT_CODE,GENDER,FIRST_NAME,MIDDLE_NAME,LAST_NAME,BIRTH_DATE,SCHOOL_GRADE,NATIONAL_IDENTIFIER_FLAG) values ('CHN01','CHN01B','CHN0100011','FEMALE','Gauri',null,'Daman',to_date('11-09-16','DD-MM-RR'),2,'N');
Insert into GOD_STUDENTS (CENTRE_CODE,BATCH_CODE,STUDENT_CODE,GENDER,FIRST_NAME,MIDDLE_NAME,LAST_NAME,BIRTH_DATE,SCHOOL_GRADE,NATIONAL_IDENTIFIER_FLAG) values ('CHN01','CHN01B','CHN0100012','MALE','Rashid',null,'Rahiman',to_date('13-04-16','DD-MM-RR'),2,'Y');
Insert into GOD_STUDENTS (CENTRE_CODE,BATCH_CODE,STUDENT_CODE,GENDER,FIRST_NAME,MIDDLE_NAME,LAST_NAME,BIRTH_DATE,SCHOOL_GRADE,NATIONAL_IDENTIFIER_FLAG) values ('CHN01','CHN01C','CHN0100013','MALE','Vismay','Kumar','Sharma',to_date('01-01-15','DD-MM-RR'),3,'Y');
Insert into GOD_STUDENTS (CENTRE_CODE,BATCH_CODE,STUDENT_CODE,GENDER,FIRST_NAME,MIDDLE_NAME,LAST_NAME,BIRTH_DATE,SCHOOL_GRADE,NATIONAL_IDENTIFIER_FLAG) values ('CHN01','CHN01C','CHN0100014','FEMALE','Sanjana',null,'Sanil',to_date('02-07-15','DD-MM-RR'),3,'Y');
Insert into GOD_STUDENTS (CENTRE_CODE,BATCH_CODE,STUDENT_CODE,GENDER,FIRST_NAME,MIDDLE_NAME,LAST_NAME,BIRTH_DATE,SCHOOL_GRADE,NATIONAL_IDENTIFIER_FLAG) values ('CHN01','CHN01C','CHN0100015','MALE','Uday','Nivas','Negi',to_date('31-08-15','DD-MM-RR'),3,'Y');
Insert into GOD_STUDENTS (CENTRE_CODE,BATCH_CODE,STUDENT_CODE,GENDER,FIRST_NAME,MIDDLE_NAME,LAST_NAME,BIRTH_DATE,SCHOOL_GRADE,NATIONAL_IDENTIFIER_FLAG) values ('CHN01','CHN01C','CHN0100016','MALE','Nilay',null,'Sood',to_date('09-01-14','DD-MM-RR'),3,'Y');
Insert into GOD_STUDENTS (CENTRE_CODE,BATCH_CODE,STUDENT_CODE,GENDER,FIRST_NAME,MIDDLE_NAME,LAST_NAME,BIRTH_DATE,SCHOOL_GRADE,NATIONAL_IDENTIFIER_FLAG) values ('CHN01','CHN01C','CHN0100017','FEMALE','Gauri',null,'Daman',to_date('11-09-15','DD-MM-RR'),3,'N');
Insert into GOD_STUDENTS (CENTRE_CODE,BATCH_CODE,STUDENT_CODE,GENDER,FIRST_NAME,MIDDLE_NAME,LAST_NAME,BIRTH_DATE,SCHOOL_GRADE,NATIONAL_IDENTIFIER_FLAG) values ('CHN01','CHN01C','CHN0100018','MALE','Rashid',null,'Rahiman',to_date('13-04-15','DD-MM-RR'),3,'Y');
Insert into GOD_STUDENTS (CENTRE_CODE,BATCH_CODE,STUDENT_CODE,GENDER,FIRST_NAME,MIDDLE_NAME,LAST_NAME,BIRTH_DATE,SCHOOL_GRADE,NATIONAL_IDENTIFIER_FLAG) values ('CHN01','CHN01D','CHN0100019','MALE','Vismay','Kumar','Sharma',to_date('01-01-15','DD-MM-RR'),3,'Y');
Insert into GOD_STUDENTS (CENTRE_CODE,BATCH_CODE,STUDENT_CODE,GENDER,FIRST_NAME,MIDDLE_NAME,LAST_NAME,BIRTH_DATE,SCHOOL_GRADE,NATIONAL_IDENTIFIER_FLAG) values ('CHN01','CHN01D','CHN0100020','FEMALE','Sanjana',null,'Sanil',to_date('02-07-15','DD-MM-RR'),3,'Y');
Insert into GOD_STUDENTS (CENTRE_CODE,BATCH_CODE,STUDENT_CODE,GENDER,FIRST_NAME,MIDDLE_NAME,LAST_NAME,BIRTH_DATE,SCHOOL_GRADE,NATIONAL_IDENTIFIER_FLAG) values ('CHN01','CHN01D','CHN0100021','MALE','Uday','Nivas','Negi',to_date('31-08-15','DD-MM-RR'),3,'Y');
Insert into GOD_STUDENTS (CENTRE_CODE,BATCH_CODE,STUDENT_CODE,GENDER,FIRST_NAME,MIDDLE_NAME,LAST_NAME,BIRTH_DATE,SCHOOL_GRADE,NATIONAL_IDENTIFIER_FLAG) values ('CHN01','CHN01D','CHN0100022','MALE','Nilay',null,'Sood',to_date('09-01-14','DD-MM-RR'),3,'Y');
Insert into GOD_STUDENTS (CENTRE_CODE,BATCH_CODE,STUDENT_CODE,GENDER,FIRST_NAME,MIDDLE_NAME,LAST_NAME,BIRTH_DATE,SCHOOL_GRADE,NATIONAL_IDENTIFIER_FLAG) values ('CHN01','CHN01D','CHN0100023','FEMALE','Gauri',null,'Daman',to_date('11-09-15','DD-MM-RR'),3,'N');
Insert into GOD_STUDENTS (CENTRE_CODE,BATCH_CODE,STUDENT_CODE,GENDER,FIRST_NAME,MIDDLE_NAME,LAST_NAME,BIRTH_DATE,SCHOOL_GRADE,NATIONAL_IDENTIFIER_FLAG) values ('CHN01','CHN01D','CHN0100024','MALE','Rashid',null,'Rahiman',to_date('13-04-15','DD-MM-RR'),3,'Y');
Insert into GOD_STUDENTS (CENTRE_CODE,BATCH_CODE,STUDENT_CODE,GENDER,FIRST_NAME,MIDDLE_NAME,LAST_NAME,BIRTH_DATE,SCHOOL_GRADE,NATIONAL_IDENTIFIER_FLAG) values ('CHN02','CHN02A','CHN020001','MALE','Vismay','Kumar','Sharma',to_date('01-01-17','DD-MM-RR'),1,'Y');
Insert into GOD_STUDENTS (CENTRE_CODE,BATCH_CODE,STUDENT_CODE,GENDER,FIRST_NAME,MIDDLE_NAME,LAST_NAME,BIRTH_DATE,SCHOOL_GRADE,NATIONAL_IDENTIFIER_FLAG) values ('CHN02','CHN02A','CHN020002','FEMALE','Sanjana',null,'Sanil',to_date('02-07-18','DD-MM-RR'),1,'Y');
Insert into GOD_STUDENTS (CENTRE_CODE,BATCH_CODE,STUDENT_CODE,GENDER,FIRST_NAME,MIDDLE_NAME,LAST_NAME,BIRTH_DATE,SCHOOL_GRADE,NATIONAL_IDENTIFIER_FLAG) values ('CHN02','CHN02A','CHN020003','MALE','Uday','Nivas','Negi',to_date('31-08-17','DD-MM-RR'),1,'Y');
Insert into GOD_STUDENTS (CENTRE_CODE,BATCH_CODE,STUDENT_CODE,GENDER,FIRST_NAME,MIDDLE_NAME,LAST_NAME,BIRTH_DATE,SCHOOL_GRADE,NATIONAL_IDENTIFIER_FLAG) values ('CHN02','CHN02A','CHN020004','MALE','Nilay',null,'Sood',to_date('09-01-17','DD-MM-RR'),1,'Y');
Insert into GOD_STUDENTS (CENTRE_CODE,BATCH_CODE,STUDENT_CODE,GENDER,FIRST_NAME,MIDDLE_NAME,LAST_NAME,BIRTH_DATE,SCHOOL_GRADE,NATIONAL_IDENTIFIER_FLAG) values ('CHN02','CHN02A','CHN020005','FEMALE','Gauri',null,'Daman',to_date('11-09-18','DD-MM-RR'),1,'N');
Insert into GOD_STUDENTS (CENTRE_CODE,BATCH_CODE,STUDENT_CODE,GENDER,FIRST_NAME,MIDDLE_NAME,LAST_NAME,BIRTH_DATE,SCHOOL_GRADE,NATIONAL_IDENTIFIER_FLAG) values ('CHN02','CHN02A','CHN020006','MALE','Rashid',null,'Rahiman',to_date('13-04-17','DD-MM-RR'),1,'Y');
Insert into GOD_STUDENTS (CENTRE_CODE,BATCH_CODE,STUDENT_CODE,GENDER,FIRST_NAME,MIDDLE_NAME,LAST_NAME,BIRTH_DATE,SCHOOL_GRADE,NATIONAL_IDENTIFIER_FLAG) values ('CHN02','CHN02B','CHN020007','MALE','Vismay','Kumar','Sharma',to_date('01-01-16','DD-MM-RR'),2,'Y');
Insert into GOD_STUDENTS (CENTRE_CODE,BATCH_CODE,STUDENT_CODE,GENDER,FIRST_NAME,MIDDLE_NAME,LAST_NAME,BIRTH_DATE,SCHOOL_GRADE,NATIONAL_IDENTIFIER_FLAG) values ('CHN02','CHN02B','CHN020008','FEMALE','Sanjana',null,'Sanil',to_date('02-07-16','DD-MM-RR'),2,'Y');
Insert into GOD_STUDENTS (CENTRE_CODE,BATCH_CODE,STUDENT_CODE,GENDER,FIRST_NAME,MIDDLE_NAME,LAST_NAME,BIRTH_DATE,SCHOOL_GRADE,NATIONAL_IDENTIFIER_FLAG) values ('CHN02','CHN02B','CHN020009','MALE','Uday','Nivas','Negi',to_date('31-08-17','DD-MM-RR'),2,'Y');
Insert into GOD_STUDENTS (CENTRE_CODE,BATCH_CODE,STUDENT_CODE,GENDER,FIRST_NAME,MIDDLE_NAME,LAST_NAME,BIRTH_DATE,SCHOOL_GRADE,NATIONAL_IDENTIFIER_FLAG) values ('CHN02','CHN02B','CHN0200010','MALE','Nilay',null,'Sood',to_date('09-01-16','DD-MM-RR'),2,'Y');
Insert into GOD_STUDENTS (CENTRE_CODE,BATCH_CODE,STUDENT_CODE,GENDER,FIRST_NAME,MIDDLE_NAME,LAST_NAME,BIRTH_DATE,SCHOOL_GRADE,NATIONAL_IDENTIFIER_FLAG) values ('CHN02','CHN02B','CHN0200011','FEMALE','Gauri',null,'Daman',to_date('11-09-16','DD-MM-RR'),2,'N');
Insert into GOD_STUDENTS (CENTRE_CODE,BATCH_CODE,STUDENT_CODE,GENDER,FIRST_NAME,MIDDLE_NAME,LAST_NAME,BIRTH_DATE,SCHOOL_GRADE,NATIONAL_IDENTIFIER_FLAG) values ('CHN02','CHN02B','CHN0200012','MALE','Rashid',null,'Rahiman',to_date('13-04-16','DD-MM-RR'),2,'Y');
Insert into GOD_STUDENTS (CENTRE_CODE,BATCH_CODE,STUDENT_CODE,GENDER,FIRST_NAME,MIDDLE_NAME,LAST_NAME,BIRTH_DATE,SCHOOL_GRADE,NATIONAL_IDENTIFIER_FLAG) values ('CHN02','CHN02C','CHN0200013','MALE','Vismay','Kumar','Sharma',to_date('01-01-15','DD-MM-RR'),3,'Y');
Insert into GOD_STUDENTS (CENTRE_CODE,BATCH_CODE,STUDENT_CODE,GENDER,FIRST_NAME,MIDDLE_NAME,LAST_NAME,BIRTH_DATE,SCHOOL_GRADE,NATIONAL_IDENTIFIER_FLAG) values ('CHN02','CHN02C','CHN0200014','FEMALE','Sanjana',null,'Sanil',to_date('02-07-15','DD-MM-RR'),3,'Y');
Insert into GOD_STUDENTS (CENTRE_CODE,BATCH_CODE,STUDENT_CODE,GENDER,FIRST_NAME,MIDDLE_NAME,LAST_NAME,BIRTH_DATE,SCHOOL_GRADE,NATIONAL_IDENTIFIER_FLAG) values ('CHN02','CHN02C','CHN0200015','MALE','Uday','Nivas','Negi',to_date('31-08-15','DD-MM-RR'),3,'Y');
Insert into GOD_STUDENTS (CENTRE_CODE,BATCH_CODE,STUDENT_CODE,GENDER,FIRST_NAME,MIDDLE_NAME,LAST_NAME,BIRTH_DATE,SCHOOL_GRADE,NATIONAL_IDENTIFIER_FLAG) values ('CHN02','CHN02C','CHN0200016','MALE','Nilay',null,'Sood',to_date('09-01-14','DD-MM-RR'),3,'Y');
Insert into GOD_STUDENTS (CENTRE_CODE,BATCH_CODE,STUDENT_CODE,GENDER,FIRST_NAME,MIDDLE_NAME,LAST_NAME,BIRTH_DATE,SCHOOL_GRADE,NATIONAL_IDENTIFIER_FLAG) values ('CHN02','CHN02C','CHN0200017','FEMALE','Gauri',null,'Daman',to_date('11-09-15','DD-MM-RR'),3,'N');
Insert into GOD_STUDENTS (CENTRE_CODE,BATCH_CODE,STUDENT_CODE,GENDER,FIRST_NAME,MIDDLE_NAME,LAST_NAME,BIRTH_DATE,SCHOOL_GRADE,NATIONAL_IDENTIFIER_FLAG) values ('CHN02','CHN02C','CHN0200018','MALE','Rashid',null,'Rahiman',to_date('13-04-15','DD-MM-RR'),3,'Y');
Insert into GOD_STUDENTS (CENTRE_CODE,BATCH_CODE,STUDENT_CODE,GENDER,FIRST_NAME,MIDDLE_NAME,LAST_NAME,BIRTH_DATE,SCHOOL_GRADE,NATIONAL_IDENTIFIER_FLAG) values ('CHN02','CHN02D','CHN0200019','MALE','Vismay','Kumar','Sharma',to_date('01-01-15','DD-MM-RR'),3,'Y');
Insert into GOD_STUDENTS (CENTRE_CODE,BATCH_CODE,STUDENT_CODE,GENDER,FIRST_NAME,MIDDLE_NAME,LAST_NAME,BIRTH_DATE,SCHOOL_GRADE,NATIONAL_IDENTIFIER_FLAG) values ('CHN02','CHN02D','CHN0200020','FEMALE','Sanjana',null,'Sanil',to_date('02-07-15','DD-MM-RR'),3,'Y');
Insert into GOD_STUDENTS (CENTRE_CODE,BATCH_CODE,STUDENT_CODE,GENDER,FIRST_NAME,MIDDLE_NAME,LAST_NAME,BIRTH_DATE,SCHOOL_GRADE,NATIONAL_IDENTIFIER_FLAG) values ('CHN02','CHN02D','CHN0200021','MALE','Uday','Nivas','Negi',to_date('31-08-15','DD-MM-RR'),3,'Y');
Insert into GOD_STUDENTS (CENTRE_CODE,BATCH_CODE,STUDENT_CODE,GENDER,FIRST_NAME,MIDDLE_NAME,LAST_NAME,BIRTH_DATE,SCHOOL_GRADE,NATIONAL_IDENTIFIER_FLAG) values ('CHN02','CHN02D','CHN0200022','MALE','Nilay',null,'Sood',to_date('09-01-14','DD-MM-RR'),3,'Y');
Insert into GOD_STUDENTS (CENTRE_CODE,BATCH_CODE,STUDENT_CODE,GENDER,FIRST_NAME,MIDDLE_NAME,LAST_NAME,BIRTH_DATE,SCHOOL_GRADE,NATIONAL_IDENTIFIER_FLAG) values ('CHN02','CHN02D','CHN0200023','FEMALE','Gauri',null,'Daman',to_date('11-09-15','DD-MM-RR'),3,'N');
Insert into GOD_STUDENTS (CENTRE_CODE,BATCH_CODE,STUDENT_CODE,GENDER,FIRST_NAME,MIDDLE_NAME,LAST_NAME,BIRTH_DATE,SCHOOL_GRADE,NATIONAL_IDENTIFIER_FLAG) values ('CHN02','CHN02D','CHN0200024','MALE','Rashid',null,'Rahiman',to_date('13-04-15','DD-MM-RR'),3,'Y');
Insert into GOD_STUDENTS (CENTRE_CODE,BATCH_CODE,STUDENT_CODE,GENDER,FIRST_NAME,MIDDLE_NAME,LAST_NAME,BIRTH_DATE,SCHOOL_GRADE,NATIONAL_IDENTIFIER_FLAG) values ('CHN03','CHN03A','CHN030001','MALE','Vismay','Kumar','Sharma',to_date('01-01-17','DD-MM-RR'),1,'Y');
Insert into GOD_STUDENTS (CENTRE_CODE,BATCH_CODE,STUDENT_CODE,GENDER,FIRST_NAME,MIDDLE_NAME,LAST_NAME,BIRTH_DATE,SCHOOL_GRADE,NATIONAL_IDENTIFIER_FLAG) values ('CHN03','CHN03A','CHN030002','FEMALE','Sanjana',null,'Sanil',to_date('02-07-18','DD-MM-RR'),1,'Y');
Insert into GOD_STUDENTS (CENTRE_CODE,BATCH_CODE,STUDENT_CODE,GENDER,FIRST_NAME,MIDDLE_NAME,LAST_NAME,BIRTH_DATE,SCHOOL_GRADE,NATIONAL_IDENTIFIER_FLAG) values ('CHN03','CHN03A','CHN030003','MALE','Uday','Nivas','Negi',to_date('31-08-17','DD-MM-RR'),1,'Y');
Insert into GOD_STUDENTS (CENTRE_CODE,BATCH_CODE,STUDENT_CODE,GENDER,FIRST_NAME,MIDDLE_NAME,LAST_NAME,BIRTH_DATE,SCHOOL_GRADE,NATIONAL_IDENTIFIER_FLAG) values ('CHN03','CHN03A','CHN030004','MALE','Nilay',null,'Sood',to_date('09-01-17','DD-MM-RR'),1,'Y');
Insert into GOD_STUDENTS (CENTRE_CODE,BATCH_CODE,STUDENT_CODE,GENDER,FIRST_NAME,MIDDLE_NAME,LAST_NAME,BIRTH_DATE,SCHOOL_GRADE,NATIONAL_IDENTIFIER_FLAG) values ('CHN03','CHN03A','CHN030005','FEMALE','Gauri',null,'Daman',to_date('11-09-18','DD-MM-RR'),1,'N');
Insert into GOD_STUDENTS (CENTRE_CODE,BATCH_CODE,STUDENT_CODE,GENDER,FIRST_NAME,MIDDLE_NAME,LAST_NAME,BIRTH_DATE,SCHOOL_GRADE,NATIONAL_IDENTIFIER_FLAG) values ('CHN03','CHN03A','CHN030006','MALE','Rashid',null,'Rahiman',to_date('13-04-17','DD-MM-RR'),1,'Y');
Insert into GOD_STUDENTS (CENTRE_CODE,BATCH_CODE,STUDENT_CODE,GENDER,FIRST_NAME,MIDDLE_NAME,LAST_NAME,BIRTH_DATE,SCHOOL_GRADE,NATIONAL_IDENTIFIER_FLAG) values ('CHN03','CHN03B','CHN030007','MALE','Vismay','Kumar','Sharma',to_date('01-01-16','DD-MM-RR'),2,'Y');
Insert into GOD_STUDENTS (CENTRE_CODE,BATCH_CODE,STUDENT_CODE,GENDER,FIRST_NAME,MIDDLE_NAME,LAST_NAME,BIRTH_DATE,SCHOOL_GRADE,NATIONAL_IDENTIFIER_FLAG) values ('CHN03','CHN03B','CHN030008','FEMALE','Sanjana',null,'Sanil',to_date('02-07-16','DD-MM-RR'),2,'Y');
Insert into GOD_STUDENTS (CENTRE_CODE,BATCH_CODE,STUDENT_CODE,GENDER,FIRST_NAME,MIDDLE_NAME,LAST_NAME,BIRTH_DATE,SCHOOL_GRADE,NATIONAL_IDENTIFIER_FLAG) values ('CHN03','CHN03B','CHN030009','MALE','Uday','Nivas','Negi',to_date('31-08-17','DD-MM-RR'),2,'Y');
Insert into GOD_STUDENTS (CENTRE_CODE,BATCH_CODE,STUDENT_CODE,GENDER,FIRST_NAME,MIDDLE_NAME,LAST_NAME,BIRTH_DATE,SCHOOL_GRADE,NATIONAL_IDENTIFIER_FLAG) values ('CHN03','CHN03B','CHN0300010','MALE','Nilay',null,'Sood',to_date('09-01-16','DD-MM-RR'),2,'Y');
Insert into GOD_STUDENTS (CENTRE_CODE,BATCH_CODE,STUDENT_CODE,GENDER,FIRST_NAME,MIDDLE_NAME,LAST_NAME,BIRTH_DATE,SCHOOL_GRADE,NATIONAL_IDENTIFIER_FLAG) values ('CHN03','CHN03B','CHN0300011','FEMALE','Gauri',null,'Daman',to_date('11-09-16','DD-MM-RR'),2,'N');
Insert into GOD_STUDENTS (CENTRE_CODE,BATCH_CODE,STUDENT_CODE,GENDER,FIRST_NAME,MIDDLE_NAME,LAST_NAME,BIRTH_DATE,SCHOOL_GRADE,NATIONAL_IDENTIFIER_FLAG) values ('CHN03','CHN03B','CHN0300012','MALE','Rashid',null,'Rahiman',to_date('13-04-16','DD-MM-RR'),2,'Y');
Insert into GOD_STUDENTS (CENTRE_CODE,BATCH_CODE,STUDENT_CODE,GENDER,FIRST_NAME,MIDDLE_NAME,LAST_NAME,BIRTH_DATE,SCHOOL_GRADE,NATIONAL_IDENTIFIER_FLAG) values ('CHN03','CHN03C','CHN0300013','MALE','Vismay','Kumar','Sharma',to_date('01-01-15','DD-MM-RR'),3,'Y');
Insert into GOD_STUDENTS (CENTRE_CODE,BATCH_CODE,STUDENT_CODE,GENDER,FIRST_NAME,MIDDLE_NAME,LAST_NAME,BIRTH_DATE,SCHOOL_GRADE,NATIONAL_IDENTIFIER_FLAG) values ('CHN03','CHN03C','CHN0300014','FEMALE','Sanjana',null,'Sanil',to_date('02-07-15','DD-MM-RR'),3,'Y');
Insert into GOD_STUDENTS (CENTRE_CODE,BATCH_CODE,STUDENT_CODE,GENDER,FIRST_NAME,MIDDLE_NAME,LAST_NAME,BIRTH_DATE,SCHOOL_GRADE,NATIONAL_IDENTIFIER_FLAG) values ('CHN03','CHN03C','CHN0300015','MALE','Uday','Nivas','Negi',to_date('31-08-15','DD-MM-RR'),3,'Y');
Insert into GOD_STUDENTS (CENTRE_CODE,BATCH_CODE,STUDENT_CODE,GENDER,FIRST_NAME,MIDDLE_NAME,LAST_NAME,BIRTH_DATE,SCHOOL_GRADE,NATIONAL_IDENTIFIER_FLAG) values ('CHN03','CHN03C','CHN0300016','MALE','Nilay',null,'Sood',to_date('09-01-14','DD-MM-RR'),3,'Y');
Insert into GOD_STUDENTS (CENTRE_CODE,BATCH_CODE,STUDENT_CODE,GENDER,FIRST_NAME,MIDDLE_NAME,LAST_NAME,BIRTH_DATE,SCHOOL_GRADE,NATIONAL_IDENTIFIER_FLAG) values ('CHN03','CHN03C','CHN0300017','FEMALE','Gauri',null,'Daman',to_date('11-09-15','DD-MM-RR'),3,'N');
Insert into GOD_STUDENTS (CENTRE_CODE,BATCH_CODE,STUDENT_CODE,GENDER,FIRST_NAME,MIDDLE_NAME,LAST_NAME,BIRTH_DATE,SCHOOL_GRADE,NATIONAL_IDENTIFIER_FLAG) values ('CHN03','CHN03C','CHN0300018','MALE','Rashid',null,'Rahiman',to_date('13-04-15','DD-MM-RR'),3,'Y');
Insert into GOD_STUDENTS (CENTRE_CODE,BATCH_CODE,STUDENT_CODE,GENDER,FIRST_NAME,MIDDLE_NAME,LAST_NAME,BIRTH_DATE,SCHOOL_GRADE,NATIONAL_IDENTIFIER_FLAG) values ('CHN03','CHN03D','CHN0300019','MALE','Vismay','Kumar','Sharma',to_date('01-01-15','DD-MM-RR'),3,'Y');
Insert into GOD_STUDENTS (CENTRE_CODE,BATCH_CODE,STUDENT_CODE,GENDER,FIRST_NAME,MIDDLE_NAME,LAST_NAME,BIRTH_DATE,SCHOOL_GRADE,NATIONAL_IDENTIFIER_FLAG) values ('CHN03','CHN03D','CHN0300020','FEMALE','Sanjana',null,'Sanil',to_date('02-07-15','DD-MM-RR'),3,'Y');
Insert into GOD_STUDENTS (CENTRE_CODE,BATCH_CODE,STUDENT_CODE,GENDER,FIRST_NAME,MIDDLE_NAME,LAST_NAME,BIRTH_DATE,SCHOOL_GRADE,NATIONAL_IDENTIFIER_FLAG) values ('CHN03','CHN03D','CHN0300021','MALE','Uday','Nivas','Negi',to_date('31-08-15','DD-MM-RR'),3,'Y');
Insert into GOD_STUDENTS (CENTRE_CODE,BATCH_CODE,STUDENT_CODE,GENDER,FIRST_NAME,MIDDLE_NAME,LAST_NAME,BIRTH_DATE,SCHOOL_GRADE,NATIONAL_IDENTIFIER_FLAG) values ('CHN03','CHN03D','CHN0300022','MALE','Nilay',null,'Sood',to_date('09-01-14','DD-MM-RR'),3,'Y');
Insert into GOD_STUDENTS (CENTRE_CODE,BATCH_CODE,STUDENT_CODE,GENDER,FIRST_NAME,MIDDLE_NAME,LAST_NAME,BIRTH_DATE,SCHOOL_GRADE,NATIONAL_IDENTIFIER_FLAG) values ('CHN03','CHN03D','CHN0300023','FEMALE','Gauri',null,'Daman',to_date('11-09-15','DD-MM-RR'),3,'N');
Insert into GOD_STUDENTS (CENTRE_CODE,BATCH_CODE,STUDENT_CODE,GENDER,FIRST_NAME,MIDDLE_NAME,LAST_NAME,BIRTH_DATE,SCHOOL_GRADE,NATIONAL_IDENTIFIER_FLAG) values ('CHN03','CHN03D','CHN0300024','MALE','Rashid',null,'Rahiman',to_date('13-04-15','DD-MM-RR'),3,'Y');
Insert into GOD_STUDENTS (CENTRE_CODE,BATCH_CODE,STUDENT_CODE,GENDER,FIRST_NAME,MIDDLE_NAME,LAST_NAME,BIRTH_DATE,SCHOOL_GRADE,NATIONAL_IDENTIFIER_FLAG) values ('CHN04','CHN04A','CHN040001','MALE','Vismay','Kumar','Sharma',to_date('01-01-17','DD-MM-RR'),1,'Y');
Insert into GOD_STUDENTS (CENTRE_CODE,BATCH_CODE,STUDENT_CODE,GENDER,FIRST_NAME,MIDDLE_NAME,LAST_NAME,BIRTH_DATE,SCHOOL_GRADE,NATIONAL_IDENTIFIER_FLAG) values ('CHN04','CHN04A','CHN040002','FEMALE','Sanjana',null,'Sanil',to_date('02-07-18','DD-MM-RR'),1,'Y');
Insert into GOD_STUDENTS (CENTRE_CODE,BATCH_CODE,STUDENT_CODE,GENDER,FIRST_NAME,MIDDLE_NAME,LAST_NAME,BIRTH_DATE,SCHOOL_GRADE,NATIONAL_IDENTIFIER_FLAG) values ('CHN04','CHN04A','CHN040003','MALE','Uday','Nivas','Negi',to_date('31-08-17','DD-MM-RR'),1,'Y');
Insert into GOD_STUDENTS (CENTRE_CODE,BATCH_CODE,STUDENT_CODE,GENDER,FIRST_NAME,MIDDLE_NAME,LAST_NAME,BIRTH_DATE,SCHOOL_GRADE,NATIONAL_IDENTIFIER_FLAG) values ('CHN04','CHN04A','CHN040004','MALE','Nilay',null,'Sood',to_date('09-01-17','DD-MM-RR'),1,'Y');
Insert into GOD_STUDENTS (CENTRE_CODE,BATCH_CODE,STUDENT_CODE,GENDER,FIRST_NAME,MIDDLE_NAME,LAST_NAME,BIRTH_DATE,SCHOOL_GRADE,NATIONAL_IDENTIFIER_FLAG) values ('CHN04','CHN04A','CHN040005','FEMALE','Gauri',null,'Daman',to_date('11-09-18','DD-MM-RR'),1,'N');
Insert into GOD_STUDENTS (CENTRE_CODE,BATCH_CODE,STUDENT_CODE,GENDER,FIRST_NAME,MIDDLE_NAME,LAST_NAME,BIRTH_DATE,SCHOOL_GRADE,NATIONAL_IDENTIFIER_FLAG) values ('CHN04','CHN04A','CHN040006','MALE','Rashid',null,'Rahiman',to_date('13-04-17','DD-MM-RR'),1,'Y');
Insert into GOD_STUDENTS (CENTRE_CODE,BATCH_CODE,STUDENT_CODE,GENDER,FIRST_NAME,MIDDLE_NAME,LAST_NAME,BIRTH_DATE,SCHOOL_GRADE,NATIONAL_IDENTIFIER_FLAG) values ('CHN04','CHN04B','CHN040007','MALE','Vismay','Kumar','Sharma',to_date('01-01-16','DD-MM-RR'),2,'Y');
Insert into GOD_STUDENTS (CENTRE_CODE,BATCH_CODE,STUDENT_CODE,GENDER,FIRST_NAME,MIDDLE_NAME,LAST_NAME,BIRTH_DATE,SCHOOL_GRADE,NATIONAL_IDENTIFIER_FLAG) values ('CHN04','CHN04B','CHN040008','FEMALE','Sanjana',null,'Sanil',to_date('02-07-16','DD-MM-RR'),2,'Y');
Insert into GOD_STUDENTS (CENTRE_CODE,BATCH_CODE,STUDENT_CODE,GENDER,FIRST_NAME,MIDDLE_NAME,LAST_NAME,BIRTH_DATE,SCHOOL_GRADE,NATIONAL_IDENTIFIER_FLAG) values ('CHN04','CHN04B','CHN040009','MALE','Uday','Nivas','Negi',to_date('31-08-17','DD-MM-RR'),2,'Y');
Insert into GOD_STUDENTS (CENTRE_CODE,BATCH_CODE,STUDENT_CODE,GENDER,FIRST_NAME,MIDDLE_NAME,LAST_NAME,BIRTH_DATE,SCHOOL_GRADE,NATIONAL_IDENTIFIER_FLAG) values ('CHN04','CHN04B','CHN0400010','MALE','Nilay',null,'Sood',to_date('09-01-16','DD-MM-RR'),2,'Y');
Insert into GOD_STUDENTS (CENTRE_CODE,BATCH_CODE,STUDENT_CODE,GENDER,FIRST_NAME,MIDDLE_NAME,LAST_NAME,BIRTH_DATE,SCHOOL_GRADE,NATIONAL_IDENTIFIER_FLAG) values ('CHN04','CHN04B','CHN0400011','FEMALE','Gauri',null,'Daman',to_date('11-09-16','DD-MM-RR'),2,'N');
Insert into GOD_STUDENTS (CENTRE_CODE,BATCH_CODE,STUDENT_CODE,GENDER,FIRST_NAME,MIDDLE_NAME,LAST_NAME,BIRTH_DATE,SCHOOL_GRADE,NATIONAL_IDENTIFIER_FLAG) values ('CHN04','CHN04B','CHN0400012','MALE','Rashid',null,'Rahiman',to_date('13-04-16','DD-MM-RR'),2,'Y');
Insert into GOD_STUDENTS (CENTRE_CODE,BATCH_CODE,STUDENT_CODE,GENDER,FIRST_NAME,MIDDLE_NAME,LAST_NAME,BIRTH_DATE,SCHOOL_GRADE,NATIONAL_IDENTIFIER_FLAG) values ('CHN04','CHN04C','CHN0400013','MALE','Vismay','Kumar','Sharma',to_date('01-01-15','DD-MM-RR'),3,'Y');
Insert into GOD_STUDENTS (CENTRE_CODE,BATCH_CODE,STUDENT_CODE,GENDER,FIRST_NAME,MIDDLE_NAME,LAST_NAME,BIRTH_DATE,SCHOOL_GRADE,NATIONAL_IDENTIFIER_FLAG) values ('CHN04','CHN04C','CHN0400014','FEMALE','Sanjana',null,'Sanil',to_date('02-07-15','DD-MM-RR'),3,'Y');
Insert into GOD_STUDENTS (CENTRE_CODE,BATCH_CODE,STUDENT_CODE,GENDER,FIRST_NAME,MIDDLE_NAME,LAST_NAME,BIRTH_DATE,SCHOOL_GRADE,NATIONAL_IDENTIFIER_FLAG) values ('CHN04','CHN04C','CHN0400015','MALE','Uday','Nivas','Negi',to_date('31-08-15','DD-MM-RR'),3,'Y');
Insert into GOD_STUDENTS (CENTRE_CODE,BATCH_CODE,STUDENT_CODE,GENDER,FIRST_NAME,MIDDLE_NAME,LAST_NAME,BIRTH_DATE,SCHOOL_GRADE,NATIONAL_IDENTIFIER_FLAG) values ('CHN04','CHN04C','CHN0400016','MALE','Nilay',null,'Sood',to_date('09-01-14','DD-MM-RR'),3,'Y');
Insert into GOD_STUDENTS (CENTRE_CODE,BATCH_CODE,STUDENT_CODE,GENDER,FIRST_NAME,MIDDLE_NAME,LAST_NAME,BIRTH_DATE,SCHOOL_GRADE,NATIONAL_IDENTIFIER_FLAG) values ('CHN04','CHN04C','CHN0400017','FEMALE','Gauri',null,'Daman',to_date('11-09-15','DD-MM-RR'),3,'N');
Insert into GOD_STUDENTS (CENTRE_CODE,BATCH_CODE,STUDENT_CODE,GENDER,FIRST_NAME,MIDDLE_NAME,LAST_NAME,BIRTH_DATE,SCHOOL_GRADE,NATIONAL_IDENTIFIER_FLAG) values ('CHN04','CHN04C','CHN0400018','MALE','Rashid',null,'Rahiman',to_date('13-04-15','DD-MM-RR'),3,'Y');
Insert into GOD_STUDENTS (CENTRE_CODE,BATCH_CODE,STUDENT_CODE,GENDER,FIRST_NAME,MIDDLE_NAME,LAST_NAME,BIRTH_DATE,SCHOOL_GRADE,NATIONAL_IDENTIFIER_FLAG) values ('CHN04','CHN04D','CHN0400019','MALE','Vismay','Kumar','Sharma',to_date('01-01-15','DD-MM-RR'),3,'Y');
Insert into GOD_STUDENTS (CENTRE_CODE,BATCH_CODE,STUDENT_CODE,GENDER,FIRST_NAME,MIDDLE_NAME,LAST_NAME,BIRTH_DATE,SCHOOL_GRADE,NATIONAL_IDENTIFIER_FLAG) values ('CHN04','CHN04D','CHN0400020','FEMALE','Sanjana',null,'Sanil',to_date('02-07-15','DD-MM-RR'),3,'Y');
Insert into GOD_STUDENTS (CENTRE_CODE,BATCH_CODE,STUDENT_CODE,GENDER,FIRST_NAME,MIDDLE_NAME,LAST_NAME,BIRTH_DATE,SCHOOL_GRADE,NATIONAL_IDENTIFIER_FLAG) values ('CHN04','CHN04D','CHN0400021','MALE','Uday','Nivas','Negi',to_date('31-08-15','DD-MM-RR'),3,'Y');
Insert into GOD_STUDENTS (CENTRE_CODE,BATCH_CODE,STUDENT_CODE,GENDER,FIRST_NAME,MIDDLE_NAME,LAST_NAME,BIRTH_DATE,SCHOOL_GRADE,NATIONAL_IDENTIFIER_FLAG) values ('CHN04','CHN04D','CHN0400022','MALE','Nilay',null,'Sood',to_date('09-01-14','DD-MM-RR'),3,'Y');
Insert into GOD_STUDENTS (CENTRE_CODE,BATCH_CODE,STUDENT_CODE,GENDER,FIRST_NAME,MIDDLE_NAME,LAST_NAME,BIRTH_DATE,SCHOOL_GRADE,NATIONAL_IDENTIFIER_FLAG) values ('CHN04','CHN04D','CHN0400023','FEMALE','Gauri',null,'Daman',to_date('11-09-15','DD-MM-RR'),3,'N');
Insert into GOD_STUDENTS (CENTRE_CODE,BATCH_CODE,STUDENT_CODE,GENDER,FIRST_NAME,MIDDLE_NAME,LAST_NAME,BIRTH_DATE,SCHOOL_GRADE,NATIONAL_IDENTIFIER_FLAG) values ('CHN04','CHN04D','CHN0400024','MALE','Rashid',null,'Rahiman',to_date('13-04-15','DD-MM-RR'),3,'Y');
Insert into GOD_STUDENTS (CENTRE_CODE,BATCH_CODE,STUDENT_CODE,GENDER,FIRST_NAME,MIDDLE_NAME,LAST_NAME,BIRTH_DATE,SCHOOL_GRADE,NATIONAL_IDENTIFIER_FLAG) values ('CHN05','CHN05A','CHN050001','MALE','Vismay','Kumar','Sharma',to_date('01-01-17','DD-MM-RR'),1,'Y');
Insert into GOD_STUDENTS (CENTRE_CODE,BATCH_CODE,STUDENT_CODE,GENDER,FIRST_NAME,MIDDLE_NAME,LAST_NAME,BIRTH_DATE,SCHOOL_GRADE,NATIONAL_IDENTIFIER_FLAG) values ('CHN05','CHN05A','CHN050002','FEMALE','Sanjana',null,'Sanil',to_date('02-07-18','DD-MM-RR'),1,'Y');
Insert into GOD_STUDENTS (CENTRE_CODE,BATCH_CODE,STUDENT_CODE,GENDER,FIRST_NAME,MIDDLE_NAME,LAST_NAME,BIRTH_DATE,SCHOOL_GRADE,NATIONAL_IDENTIFIER_FLAG) values ('CHN05','CHN05A','CHN050003','MALE','Uday','Nivas','Negi',to_date('31-08-17','DD-MM-RR'),1,'Y');
Insert into GOD_STUDENTS (CENTRE_CODE,BATCH_CODE,STUDENT_CODE,GENDER,FIRST_NAME,MIDDLE_NAME,LAST_NAME,BIRTH_DATE,SCHOOL_GRADE,NATIONAL_IDENTIFIER_FLAG) values ('CHN05','CHN05A','CHN050004','MALE','Nilay',null,'Sood',to_date('09-01-17','DD-MM-RR'),1,'Y');
Insert into GOD_STUDENTS (CENTRE_CODE,BATCH_CODE,STUDENT_CODE,GENDER,FIRST_NAME,MIDDLE_NAME,LAST_NAME,BIRTH_DATE,SCHOOL_GRADE,NATIONAL_IDENTIFIER_FLAG) values ('CHN05','CHN05A','CHN050005','FEMALE','Gauri',null,'Daman',to_date('11-09-18','DD-MM-RR'),1,'N');
Insert into GOD_STUDENTS (CENTRE_CODE,BATCH_CODE,STUDENT_CODE,GENDER,FIRST_NAME,MIDDLE_NAME,LAST_NAME,BIRTH_DATE,SCHOOL_GRADE,NATIONAL_IDENTIFIER_FLAG) values ('CHN05','CHN05A','CHN050006','MALE','Rashid',null,'Rahiman',to_date('13-04-17','DD-MM-RR'),1,'Y');
Insert into GOD_STUDENTS (CENTRE_CODE,BATCH_CODE,STUDENT_CODE,GENDER,FIRST_NAME,MIDDLE_NAME,LAST_NAME,BIRTH_DATE,SCHOOL_GRADE,NATIONAL_IDENTIFIER_FLAG) values ('CHN05','CHN05B','CHN050007','MALE','Vismay','Kumar','Sharma',to_date('01-01-16','DD-MM-RR'),2,'Y');
Insert into GOD_STUDENTS (CENTRE_CODE,BATCH_CODE,STUDENT_CODE,GENDER,FIRST_NAME,MIDDLE_NAME,LAST_NAME,BIRTH_DATE,SCHOOL_GRADE,NATIONAL_IDENTIFIER_FLAG) values ('CHN05','CHN05B','CHN050008','FEMALE','Sanjana',null,'Sanil',to_date('02-07-16','DD-MM-RR'),2,'Y');
Insert into GOD_STUDENTS (CENTRE_CODE,BATCH_CODE,STUDENT_CODE,GENDER,FIRST_NAME,MIDDLE_NAME,LAST_NAME,BIRTH_DATE,SCHOOL_GRADE,NATIONAL_IDENTIFIER_FLAG) values ('CHN05','CHN05B','CHN050009','MALE','Uday','Nivas','Negi',to_date('31-08-17','DD-MM-RR'),2,'Y');
Insert into GOD_STUDENTS (CENTRE_CODE,BATCH_CODE,STUDENT_CODE,GENDER,FIRST_NAME,MIDDLE_NAME,LAST_NAME,BIRTH_DATE,SCHOOL_GRADE,NATIONAL_IDENTIFIER_FLAG) values ('CHN05','CHN05B','CHN0500010','MALE','Nilay',null,'Sood',to_date('09-01-16','DD-MM-RR'),2,'Y');
Insert into GOD_STUDENTS (CENTRE_CODE,BATCH_CODE,STUDENT_CODE,GENDER,FIRST_NAME,MIDDLE_NAME,LAST_NAME,BIRTH_DATE,SCHOOL_GRADE,NATIONAL_IDENTIFIER_FLAG) values ('CHN05','CHN05B','CHN0500011','FEMALE','Gauri',null,'Daman',to_date('11-09-16','DD-MM-RR'),2,'N');
Insert into GOD_STUDENTS (CENTRE_CODE,BATCH_CODE,STUDENT_CODE,GENDER,FIRST_NAME,MIDDLE_NAME,LAST_NAME,BIRTH_DATE,SCHOOL_GRADE,NATIONAL_IDENTIFIER_FLAG) values ('CHN05','CHN05B','CHN0500012','MALE','Rashid',null,'Rahiman',to_date('13-04-16','DD-MM-RR'),2,'Y');
Insert into GOD_STUDENTS (CENTRE_CODE,BATCH_CODE,STUDENT_CODE,GENDER,FIRST_NAME,MIDDLE_NAME,LAST_NAME,BIRTH_DATE,SCHOOL_GRADE,NATIONAL_IDENTIFIER_FLAG) values ('CHN05','CHN05C','CHN0500013','MALE','Vismay','Kumar','Sharma',to_date('01-01-15','DD-MM-RR'),3,'Y');
Insert into GOD_STUDENTS (CENTRE_CODE,BATCH_CODE,STUDENT_CODE,GENDER,FIRST_NAME,MIDDLE_NAME,LAST_NAME,BIRTH_DATE,SCHOOL_GRADE,NATIONAL_IDENTIFIER_FLAG) values ('CHN05','CHN05C','CHN0500014','FEMALE','Sanjana',null,'Sanil',to_date('02-07-15','DD-MM-RR'),3,'Y');
Insert into GOD_STUDENTS (CENTRE_CODE,BATCH_CODE,STUDENT_CODE,GENDER,FIRST_NAME,MIDDLE_NAME,LAST_NAME,BIRTH_DATE,SCHOOL_GRADE,NATIONAL_IDENTIFIER_FLAG) values ('CHN05','CHN05C','CHN0500015','MALE','Uday','Nivas','Negi',to_date('31-08-15','DD-MM-RR'),3,'Y');
Insert into GOD_STUDENTS (CENTRE_CODE,BATCH_CODE,STUDENT_CODE,GENDER,FIRST_NAME,MIDDLE_NAME,LAST_NAME,BIRTH_DATE,SCHOOL_GRADE,NATIONAL_IDENTIFIER_FLAG) values ('CHN05','CHN05C','CHN0500016','MALE','Nilay',null,'Sood',to_date('09-01-14','DD-MM-RR'),3,'Y');
Insert into GOD_STUDENTS (CENTRE_CODE,BATCH_CODE,STUDENT_CODE,GENDER,FIRST_NAME,MIDDLE_NAME,LAST_NAME,BIRTH_DATE,SCHOOL_GRADE,NATIONAL_IDENTIFIER_FLAG) values ('CHN05','CHN05C','CHN0500017','FEMALE','Gauri',null,'Daman',to_date('11-09-15','DD-MM-RR'),3,'N');
Insert into GOD_STUDENTS (CENTRE_CODE,BATCH_CODE,STUDENT_CODE,GENDER,FIRST_NAME,MIDDLE_NAME,LAST_NAME,BIRTH_DATE,SCHOOL_GRADE,NATIONAL_IDENTIFIER_FLAG) values ('CHN05','CHN05C','CHN0500018','MALE','Rashid',null,'Rahiman',to_date('13-04-15','DD-MM-RR'),3,'Y');
Insert into GOD_STUDENTS (CENTRE_CODE,BATCH_CODE,STUDENT_CODE,GENDER,FIRST_NAME,MIDDLE_NAME,LAST_NAME,BIRTH_DATE,SCHOOL_GRADE,NATIONAL_IDENTIFIER_FLAG) values ('CHN05','CHN05D','CHN0500019','MALE','Vismay','Kumar','Sharma',to_date('01-01-15','DD-MM-RR'),3,'Y');
Insert into GOD_STUDENTS (CENTRE_CODE,BATCH_CODE,STUDENT_CODE,GENDER,FIRST_NAME,MIDDLE_NAME,LAST_NAME,BIRTH_DATE,SCHOOL_GRADE,NATIONAL_IDENTIFIER_FLAG) values ('CHN05','CHN05D','CHN0500020','FEMALE','Sanjana',null,'Sanil',to_date('02-07-15','DD-MM-RR'),3,'Y');
Insert into GOD_STUDENTS (CENTRE_CODE,BATCH_CODE,STUDENT_CODE,GENDER,FIRST_NAME,MIDDLE_NAME,LAST_NAME,BIRTH_DATE,SCHOOL_GRADE,NATIONAL_IDENTIFIER_FLAG) values ('CHN05','CHN05D','CHN0500021','MALE','Uday','Nivas','Negi',to_date('31-08-15','DD-MM-RR'),3,'Y');
Insert into GOD_STUDENTS (CENTRE_CODE,BATCH_CODE,STUDENT_CODE,GENDER,FIRST_NAME,MIDDLE_NAME,LAST_NAME,BIRTH_DATE,SCHOOL_GRADE,NATIONAL_IDENTIFIER_FLAG) values ('CHN05','CHN05D','CHN0500022','MALE','Nilay',null,'Sood',to_date('09-01-14','DD-MM-RR'),3,'Y');
Insert into GOD_STUDENTS (CENTRE_CODE,BATCH_CODE,STUDENT_CODE,GENDER,FIRST_NAME,MIDDLE_NAME,LAST_NAME,BIRTH_DATE,SCHOOL_GRADE,NATIONAL_IDENTIFIER_FLAG) values ('CHN05','CHN05D','CHN0500023','FEMALE','Gauri',null,'Daman',to_date('11-09-15','DD-MM-RR'),3,'N');
Insert into GOD_STUDENTS (CENTRE_CODE,BATCH_CODE,STUDENT_CODE,GENDER,FIRST_NAME,MIDDLE_NAME,LAST_NAME,BIRTH_DATE,SCHOOL_GRADE,NATIONAL_IDENTIFIER_FLAG) values ('CHN05','CHN05D','CHN0500024','MALE','Rashid',null,'Rahiman',to_date('13-04-15','DD-MM-RR'),3,'Y');
Insert into GOD_STUDENTS (CENTRE_CODE,BATCH_CODE,STUDENT_CODE,GENDER,FIRST_NAME,MIDDLE_NAME,LAST_NAME,BIRTH_DATE,SCHOOL_GRADE,NATIONAL_IDENTIFIER_FLAG) values ('KOC01','KOC01A','KOC010001','MALE','Vismay','Kumar','Sharma',to_date('01-01-17','DD-MM-RR'),1,'Y');
Insert into GOD_STUDENTS (CENTRE_CODE,BATCH_CODE,STUDENT_CODE,GENDER,FIRST_NAME,MIDDLE_NAME,LAST_NAME,BIRTH_DATE,SCHOOL_GRADE,NATIONAL_IDENTIFIER_FLAG) values ('KOC01','KOC01A','KOC010002','FEMALE','Sanjana',null,'Sanil',to_date('02-07-18','DD-MM-RR'),1,'Y');
Insert into GOD_STUDENTS (CENTRE_CODE,BATCH_CODE,STUDENT_CODE,GENDER,FIRST_NAME,MIDDLE_NAME,LAST_NAME,BIRTH_DATE,SCHOOL_GRADE,NATIONAL_IDENTIFIER_FLAG) values ('KOC01','KOC01A','KOC010003','MALE','Uday','Nivas','Negi',to_date('31-08-17','DD-MM-RR'),1,'Y');
Insert into GOD_STUDENTS (CENTRE_CODE,BATCH_CODE,STUDENT_CODE,GENDER,FIRST_NAME,MIDDLE_NAME,LAST_NAME,BIRTH_DATE,SCHOOL_GRADE,NATIONAL_IDENTIFIER_FLAG) values ('KOC01','KOC01A','KOC010004','MALE','Nilay',null,'Sood',to_date('09-01-17','DD-MM-RR'),1,'Y');
Insert into GOD_STUDENTS (CENTRE_CODE,BATCH_CODE,STUDENT_CODE,GENDER,FIRST_NAME,MIDDLE_NAME,LAST_NAME,BIRTH_DATE,SCHOOL_GRADE,NATIONAL_IDENTIFIER_FLAG) values ('KOC01','KOC01A','KOC010005','FEMALE','Gauri',null,'Daman',to_date('11-09-18','DD-MM-RR'),1,'N');
Insert into GOD_STUDENTS (CENTRE_CODE,BATCH_CODE,STUDENT_CODE,GENDER,FIRST_NAME,MIDDLE_NAME,LAST_NAME,BIRTH_DATE,SCHOOL_GRADE,NATIONAL_IDENTIFIER_FLAG) values ('KOC01','KOC01A','KOC010006','MALE','Rashid',null,'Rahiman',to_date('13-04-17','DD-MM-RR'),1,'Y');
Insert into GOD_STUDENTS (CENTRE_CODE,BATCH_CODE,STUDENT_CODE,GENDER,FIRST_NAME,MIDDLE_NAME,LAST_NAME,BIRTH_DATE,SCHOOL_GRADE,NATIONAL_IDENTIFIER_FLAG) values ('KOC01','KOC01B','KOC010007','MALE','Vismay','Kumar','Sharma',to_date('01-01-16','DD-MM-RR'),2,'Y');
Insert into GOD_STUDENTS (CENTRE_CODE,BATCH_CODE,STUDENT_CODE,GENDER,FIRST_NAME,MIDDLE_NAME,LAST_NAME,BIRTH_DATE,SCHOOL_GRADE,NATIONAL_IDENTIFIER_FLAG) values ('KOC01','KOC01B','KOC010008','FEMALE','Sanjana',null,'Sanil',to_date('02-07-16','DD-MM-RR'),2,'Y');
Insert into GOD_STUDENTS (CENTRE_CODE,BATCH_CODE,STUDENT_CODE,GENDER,FIRST_NAME,MIDDLE_NAME,LAST_NAME,BIRTH_DATE,SCHOOL_GRADE,NATIONAL_IDENTIFIER_FLAG) values ('KOC01','KOC01B','KOC010009','MALE','Uday','Nivas','Negi',to_date('31-08-17','DD-MM-RR'),2,'Y');
Insert into GOD_STUDENTS (CENTRE_CODE,BATCH_CODE,STUDENT_CODE,GENDER,FIRST_NAME,MIDDLE_NAME,LAST_NAME,BIRTH_DATE,SCHOOL_GRADE,NATIONAL_IDENTIFIER_FLAG) values ('KOC01','KOC01B','KOC0100010','MALE','Nilay',null,'Sood',to_date('09-01-16','DD-MM-RR'),2,'Y');
Insert into GOD_STUDENTS (CENTRE_CODE,BATCH_CODE,STUDENT_CODE,GENDER,FIRST_NAME,MIDDLE_NAME,LAST_NAME,BIRTH_DATE,SCHOOL_GRADE,NATIONAL_IDENTIFIER_FLAG) values ('KOC01','KOC01B','KOC0100011','FEMALE','Gauri',null,'Daman',to_date('11-09-16','DD-MM-RR'),2,'N');
Insert into GOD_STUDENTS (CENTRE_CODE,BATCH_CODE,STUDENT_CODE,GENDER,FIRST_NAME,MIDDLE_NAME,LAST_NAME,BIRTH_DATE,SCHOOL_GRADE,NATIONAL_IDENTIFIER_FLAG) values ('KOC01','KOC01B','KOC0100012','MALE','Rashid',null,'Rahiman',to_date('13-04-16','DD-MM-RR'),2,'Y');
Insert into GOD_STUDENTS (CENTRE_CODE,BATCH_CODE,STUDENT_CODE,GENDER,FIRST_NAME,MIDDLE_NAME,LAST_NAME,BIRTH_DATE,SCHOOL_GRADE,NATIONAL_IDENTIFIER_FLAG) values ('KOC01','KOC01C','KOC0100013','MALE','Vismay','Kumar','Sharma',to_date('01-01-15','DD-MM-RR'),3,'Y');
Insert into GOD_STUDENTS (CENTRE_CODE,BATCH_CODE,STUDENT_CODE,GENDER,FIRST_NAME,MIDDLE_NAME,LAST_NAME,BIRTH_DATE,SCHOOL_GRADE,NATIONAL_IDENTIFIER_FLAG) values ('KOC01','KOC01C','KOC0100014','FEMALE','Sanjana',null,'Sanil',to_date('02-07-15','DD-MM-RR'),3,'Y');
Insert into GOD_STUDENTS (CENTRE_CODE,BATCH_CODE,STUDENT_CODE,GENDER,FIRST_NAME,MIDDLE_NAME,LAST_NAME,BIRTH_DATE,SCHOOL_GRADE,NATIONAL_IDENTIFIER_FLAG) values ('KOC01','KOC01C','KOC0100015','MALE','Uday','Nivas','Negi',to_date('31-08-15','DD-MM-RR'),3,'Y');
Insert into GOD_STUDENTS (CENTRE_CODE,BATCH_CODE,STUDENT_CODE,GENDER,FIRST_NAME,MIDDLE_NAME,LAST_NAME,BIRTH_DATE,SCHOOL_GRADE,NATIONAL_IDENTIFIER_FLAG) values ('KOC01','KOC01C','KOC0100016','MALE','Nilay',null,'Sood',to_date('09-01-14','DD-MM-RR'),3,'Y');
Insert into GOD_STUDENTS (CENTRE_CODE,BATCH_CODE,STUDENT_CODE,GENDER,FIRST_NAME,MIDDLE_NAME,LAST_NAME,BIRTH_DATE,SCHOOL_GRADE,NATIONAL_IDENTIFIER_FLAG) values ('KOC01','KOC01C','KOC0100017','FEMALE','Gauri',null,'Daman',to_date('11-09-15','DD-MM-RR'),3,'N');
Insert into GOD_STUDENTS (CENTRE_CODE,BATCH_CODE,STUDENT_CODE,GENDER,FIRST_NAME,MIDDLE_NAME,LAST_NAME,BIRTH_DATE,SCHOOL_GRADE,NATIONAL_IDENTIFIER_FLAG) values ('KOC01','KOC01C','KOC0100018','MALE','Rashid',null,'Rahiman',to_date('13-04-15','DD-MM-RR'),3,'Y');
Insert into GOD_STUDENTS (CENTRE_CODE,BATCH_CODE,STUDENT_CODE,GENDER,FIRST_NAME,MIDDLE_NAME,LAST_NAME,BIRTH_DATE,SCHOOL_GRADE,NATIONAL_IDENTIFIER_FLAG) values ('KOC01','KOC01D','KOC0100019','MALE','Vismay','Kumar','Sharma',to_date('01-01-15','DD-MM-RR'),3,'Y');
Insert into GOD_STUDENTS (CENTRE_CODE,BATCH_CODE,STUDENT_CODE,GENDER,FIRST_NAME,MIDDLE_NAME,LAST_NAME,BIRTH_DATE,SCHOOL_GRADE,NATIONAL_IDENTIFIER_FLAG) values ('KOC01','KOC01D','KOC0100020','FEMALE','Sanjana',null,'Sanil',to_date('02-07-15','DD-MM-RR'),3,'Y');
Insert into GOD_STUDENTS (CENTRE_CODE,BATCH_CODE,STUDENT_CODE,GENDER,FIRST_NAME,MIDDLE_NAME,LAST_NAME,BIRTH_DATE,SCHOOL_GRADE,NATIONAL_IDENTIFIER_FLAG) values ('KOC01','KOC01D','KOC0100021','MALE','Uday','Nivas','Negi',to_date('31-08-15','DD-MM-RR'),3,'Y');
Insert into GOD_STUDENTS (CENTRE_CODE,BATCH_CODE,STUDENT_CODE,GENDER,FIRST_NAME,MIDDLE_NAME,LAST_NAME,BIRTH_DATE,SCHOOL_GRADE,NATIONAL_IDENTIFIER_FLAG) values ('KOC01','KOC01D','KOC0100022','MALE','Nilay',null,'Sood',to_date('09-01-14','DD-MM-RR'),3,'Y');
Insert into GOD_STUDENTS (CENTRE_CODE,BATCH_CODE,STUDENT_CODE,GENDER,FIRST_NAME,MIDDLE_NAME,LAST_NAME,BIRTH_DATE,SCHOOL_GRADE,NATIONAL_IDENTIFIER_FLAG) values ('KOC01','KOC01D','KOC0100023','FEMALE','Gauri',null,'Daman',to_date('11-09-15','DD-MM-RR'),3,'N');
Insert into GOD_STUDENTS (CENTRE_CODE,BATCH_CODE,STUDENT_CODE,GENDER,FIRST_NAME,MIDDLE_NAME,LAST_NAME,BIRTH_DATE,SCHOOL_GRADE,NATIONAL_IDENTIFIER_FLAG) values ('KOC01','KOC01D','KOC0100024','MALE','Rashid',null,'Rahiman',to_date('13-04-15','DD-MM-RR'),3,'Y');
Insert into GOD_STUDENTS (CENTRE_CODE,BATCH_CODE,STUDENT_CODE,GENDER,FIRST_NAME,MIDDLE_NAME,LAST_NAME,BIRTH_DATE,SCHOOL_GRADE,NATIONAL_IDENTIFIER_FLAG) values ('KOC02','KOC02A','KOC020001','MALE','Vismay','Kumar','Sharma',to_date('01-01-17','DD-MM-RR'),1,'Y');
Insert into GOD_STUDENTS (CENTRE_CODE,BATCH_CODE,STUDENT_CODE,GENDER,FIRST_NAME,MIDDLE_NAME,LAST_NAME,BIRTH_DATE,SCHOOL_GRADE,NATIONAL_IDENTIFIER_FLAG) values ('KOC02','KOC02A','KOC020002','FEMALE','Sanjana',null,'Sanil',to_date('02-07-18','DD-MM-RR'),1,'Y');
Insert into GOD_STUDENTS (CENTRE_CODE,BATCH_CODE,STUDENT_CODE,GENDER,FIRST_NAME,MIDDLE_NAME,LAST_NAME,BIRTH_DATE,SCHOOL_GRADE,NATIONAL_IDENTIFIER_FLAG) values ('KOC02','KOC02A','KOC020003','MALE','Uday','Nivas','Negi',to_date('31-08-17','DD-MM-RR'),1,'Y');
Insert into GOD_STUDENTS (CENTRE_CODE,BATCH_CODE,STUDENT_CODE,GENDER,FIRST_NAME,MIDDLE_NAME,LAST_NAME,BIRTH_DATE,SCHOOL_GRADE,NATIONAL_IDENTIFIER_FLAG) values ('KOC02','KOC02A','KOC020004','MALE','Nilay',null,'Sood',to_date('09-01-17','DD-MM-RR'),1,'Y');
Insert into GOD_STUDENTS (CENTRE_CODE,BATCH_CODE,STUDENT_CODE,GENDER,FIRST_NAME,MIDDLE_NAME,LAST_NAME,BIRTH_DATE,SCHOOL_GRADE,NATIONAL_IDENTIFIER_FLAG) values ('KOC02','KOC02A','KOC020005','FEMALE','Gauri',null,'Daman',to_date('11-09-18','DD-MM-RR'),1,'N');
Insert into GOD_STUDENTS (CENTRE_CODE,BATCH_CODE,STUDENT_CODE,GENDER,FIRST_NAME,MIDDLE_NAME,LAST_NAME,BIRTH_DATE,SCHOOL_GRADE,NATIONAL_IDENTIFIER_FLAG) values ('KOC02','KOC02A','KOC020006','MALE','Rashid',null,'Rahiman',to_date('13-04-17','DD-MM-RR'),1,'Y');
Insert into GOD_STUDENTS (CENTRE_CODE,BATCH_CODE,STUDENT_CODE,GENDER,FIRST_NAME,MIDDLE_NAME,LAST_NAME,BIRTH_DATE,SCHOOL_GRADE,NATIONAL_IDENTIFIER_FLAG) values ('KOC02','KOC02B','KOC020007','MALE','Vismay','Kumar','Sharma',to_date('01-01-16','DD-MM-RR'),2,'Y');
Insert into GOD_STUDENTS (CENTRE_CODE,BATCH_CODE,STUDENT_CODE,GENDER,FIRST_NAME,MIDDLE_NAME,LAST_NAME,BIRTH_DATE,SCHOOL_GRADE,NATIONAL_IDENTIFIER_FLAG) values ('KOC02','KOC02B','KOC020008','FEMALE','Sanjana',null,'Sanil',to_date('02-07-16','DD-MM-RR'),2,'Y');
Insert into GOD_STUDENTS (CENTRE_CODE,BATCH_CODE,STUDENT_CODE,GENDER,FIRST_NAME,MIDDLE_NAME,LAST_NAME,BIRTH_DATE,SCHOOL_GRADE,NATIONAL_IDENTIFIER_FLAG) values ('KOC02','KOC02B','KOC020009','MALE','Uday','Nivas','Negi',to_date('31-08-17','DD-MM-RR'),2,'Y');
Insert into GOD_STUDENTS (CENTRE_CODE,BATCH_CODE,STUDENT_CODE,GENDER,FIRST_NAME,MIDDLE_NAME,LAST_NAME,BIRTH_DATE,SCHOOL_GRADE,NATIONAL_IDENTIFIER_FLAG) values ('KOC02','KOC02B','KOC0200010','MALE','Nilay',null,'Sood',to_date('09-01-16','DD-MM-RR'),2,'Y');
Insert into GOD_STUDENTS (CENTRE_CODE,BATCH_CODE,STUDENT_CODE,GENDER,FIRST_NAME,MIDDLE_NAME,LAST_NAME,BIRTH_DATE,SCHOOL_GRADE,NATIONAL_IDENTIFIER_FLAG) values ('KOC02','KOC02B','KOC0200011','FEMALE','Gauri',null,'Daman',to_date('11-09-16','DD-MM-RR'),2,'N');
Insert into GOD_STUDENTS (CENTRE_CODE,BATCH_CODE,STUDENT_CODE,GENDER,FIRST_NAME,MIDDLE_NAME,LAST_NAME,BIRTH_DATE,SCHOOL_GRADE,NATIONAL_IDENTIFIER_FLAG) values ('KOC02','KOC02B','KOC0200012','MALE','Rashid',null,'Rahiman',to_date('13-04-16','DD-MM-RR'),2,'Y');
Insert into GOD_STUDENTS (CENTRE_CODE,BATCH_CODE,STUDENT_CODE,GENDER,FIRST_NAME,MIDDLE_NAME,LAST_NAME,BIRTH_DATE,SCHOOL_GRADE,NATIONAL_IDENTIFIER_FLAG) values ('KOC02','KOC02C','KOC0200013','MALE','Vismay','Kumar','Sharma',to_date('01-01-15','DD-MM-RR'),3,'Y');
Insert into GOD_STUDENTS (CENTRE_CODE,BATCH_CODE,STUDENT_CODE,GENDER,FIRST_NAME,MIDDLE_NAME,LAST_NAME,BIRTH_DATE,SCHOOL_GRADE,NATIONAL_IDENTIFIER_FLAG) values ('KOC02','KOC02C','KOC0200014','FEMALE','Sanjana',null,'Sanil',to_date('02-07-15','DD-MM-RR'),3,'Y');
Insert into GOD_STUDENTS (CENTRE_CODE,BATCH_CODE,STUDENT_CODE,GENDER,FIRST_NAME,MIDDLE_NAME,LAST_NAME,BIRTH_DATE,SCHOOL_GRADE,NATIONAL_IDENTIFIER_FLAG) values ('KOC02','KOC02C','KOC0200015','MALE','Uday','Nivas','Negi',to_date('31-08-15','DD-MM-RR'),3,'Y');
Insert into GOD_STUDENTS (CENTRE_CODE,BATCH_CODE,STUDENT_CODE,GENDER,FIRST_NAME,MIDDLE_NAME,LAST_NAME,BIRTH_DATE,SCHOOL_GRADE,NATIONAL_IDENTIFIER_FLAG) values ('KOC02','KOC02C','KOC0200016','MALE','Nilay',null,'Sood',to_date('09-01-14','DD-MM-RR'),3,'Y');
Insert into GOD_STUDENTS (CENTRE_CODE,BATCH_CODE,STUDENT_CODE,GENDER,FIRST_NAME,MIDDLE_NAME,LAST_NAME,BIRTH_DATE,SCHOOL_GRADE,NATIONAL_IDENTIFIER_FLAG) values ('KOC02','KOC02C','KOC0200017','FEMALE','Gauri',null,'Daman',to_date('11-09-15','DD-MM-RR'),3,'N');
Insert into GOD_STUDENTS (CENTRE_CODE,BATCH_CODE,STUDENT_CODE,GENDER,FIRST_NAME,MIDDLE_NAME,LAST_NAME,BIRTH_DATE,SCHOOL_GRADE,NATIONAL_IDENTIFIER_FLAG) values ('KOC02','KOC02C','KOC0200018','MALE','Rashid',null,'Rahiman',to_date('13-04-15','DD-MM-RR'),3,'Y');
Insert into GOD_STUDENTS (CENTRE_CODE,BATCH_CODE,STUDENT_CODE,GENDER,FIRST_NAME,MIDDLE_NAME,LAST_NAME,BIRTH_DATE,SCHOOL_GRADE,NATIONAL_IDENTIFIER_FLAG) values ('KOC02','KOC02D','KOC0200019','MALE','Vismay','Kumar','Sharma',to_date('01-01-15','DD-MM-RR'),3,'Y');
Insert into GOD_STUDENTS (CENTRE_CODE,BATCH_CODE,STUDENT_CODE,GENDER,FIRST_NAME,MIDDLE_NAME,LAST_NAME,BIRTH_DATE,SCHOOL_GRADE,NATIONAL_IDENTIFIER_FLAG) values ('KOC02','KOC02D','KOC0200020','FEMALE','Sanjana',null,'Sanil',to_date('02-07-15','DD-MM-RR'),3,'Y');
Insert into GOD_STUDENTS (CENTRE_CODE,BATCH_CODE,STUDENT_CODE,GENDER,FIRST_NAME,MIDDLE_NAME,LAST_NAME,BIRTH_DATE,SCHOOL_GRADE,NATIONAL_IDENTIFIER_FLAG) values ('KOC02','KOC02D','KOC0200021','MALE','Uday','Nivas','Negi',to_date('31-08-15','DD-MM-RR'),3,'Y');
Insert into GOD_STUDENTS (CENTRE_CODE,BATCH_CODE,STUDENT_CODE,GENDER,FIRST_NAME,MIDDLE_NAME,LAST_NAME,BIRTH_DATE,SCHOOL_GRADE,NATIONAL_IDENTIFIER_FLAG) values ('KOC02','KOC02D','KOC0200022','MALE','Nilay',null,'Sood',to_date('09-01-14','DD-MM-RR'),3,'Y');
Insert into GOD_STUDENTS (CENTRE_CODE,BATCH_CODE,STUDENT_CODE,GENDER,FIRST_NAME,MIDDLE_NAME,LAST_NAME,BIRTH_DATE,SCHOOL_GRADE,NATIONAL_IDENTIFIER_FLAG) values ('KOC02','KOC02D','KOC0200023','FEMALE','Gauri',null,'Daman',to_date('11-09-15','DD-MM-RR'),3,'N');
Insert into GOD_STUDENTS (CENTRE_CODE,BATCH_CODE,STUDENT_CODE,GENDER,FIRST_NAME,MIDDLE_NAME,LAST_NAME,BIRTH_DATE,SCHOOL_GRADE,NATIONAL_IDENTIFIER_FLAG) values ('KOC02','KOC02D','KOC0200024','MALE','Rashid',null,'Rahiman',to_date('13-04-15','DD-MM-RR'),3,'Y');
Insert into GOD_STUDENTS (CENTRE_CODE,BATCH_CODE,STUDENT_CODE,GENDER,FIRST_NAME,MIDDLE_NAME,LAST_NAME,BIRTH_DATE,SCHOOL_GRADE,NATIONAL_IDENTIFIER_FLAG) values ('KOC03','KOC03A','KOC030001','MALE','Vismay','Kumar','Sharma',to_date('01-01-17','DD-MM-RR'),1,'Y');
Insert into GOD_STUDENTS (CENTRE_CODE,BATCH_CODE,STUDENT_CODE,GENDER,FIRST_NAME,MIDDLE_NAME,LAST_NAME,BIRTH_DATE,SCHOOL_GRADE,NATIONAL_IDENTIFIER_FLAG) values ('KOC03','KOC03A','KOC030002','FEMALE','Sanjana',null,'Sanil',to_date('02-07-18','DD-MM-RR'),1,'Y');
Insert into GOD_STUDENTS (CENTRE_CODE,BATCH_CODE,STUDENT_CODE,GENDER,FIRST_NAME,MIDDLE_NAME,LAST_NAME,BIRTH_DATE,SCHOOL_GRADE,NATIONAL_IDENTIFIER_FLAG) values ('KOC03','KOC03A','KOC030003','MALE','Uday','Nivas','Negi',to_date('31-08-17','DD-MM-RR'),1,'Y');
Insert into GOD_STUDENTS (CENTRE_CODE,BATCH_CODE,STUDENT_CODE,GENDER,FIRST_NAME,MIDDLE_NAME,LAST_NAME,BIRTH_DATE,SCHOOL_GRADE,NATIONAL_IDENTIFIER_FLAG) values ('KOC03','KOC03A','KOC030004','MALE','Nilay',null,'Sood',to_date('09-01-17','DD-MM-RR'),1,'Y');
Insert into GOD_STUDENTS (CENTRE_CODE,BATCH_CODE,STUDENT_CODE,GENDER,FIRST_NAME,MIDDLE_NAME,LAST_NAME,BIRTH_DATE,SCHOOL_GRADE,NATIONAL_IDENTIFIER_FLAG) values ('KOC03','KOC03A','KOC030005','FEMALE','Gauri',null,'Daman',to_date('11-09-18','DD-MM-RR'),1,'N');
Insert into GOD_STUDENTS (CENTRE_CODE,BATCH_CODE,STUDENT_CODE,GENDER,FIRST_NAME,MIDDLE_NAME,LAST_NAME,BIRTH_DATE,SCHOOL_GRADE,NATIONAL_IDENTIFIER_FLAG) values ('KOC03','KOC03A','KOC030006','MALE','Rashid',null,'Rahiman',to_date('13-04-17','DD-MM-RR'),1,'Y');
Insert into GOD_STUDENTS (CENTRE_CODE,BATCH_CODE,STUDENT_CODE,GENDER,FIRST_NAME,MIDDLE_NAME,LAST_NAME,BIRTH_DATE,SCHOOL_GRADE,NATIONAL_IDENTIFIER_FLAG) values ('KOC03','KOC03B','KOC030007','MALE','Vismay','Kumar','Sharma',to_date('01-01-16','DD-MM-RR'),2,'Y');
Insert into GOD_STUDENTS (CENTRE_CODE,BATCH_CODE,STUDENT_CODE,GENDER,FIRST_NAME,MIDDLE_NAME,LAST_NAME,BIRTH_DATE,SCHOOL_GRADE,NATIONAL_IDENTIFIER_FLAG) values ('KOC03','KOC03B','KOC030008','FEMALE','Sanjana',null,'Sanil',to_date('02-07-16','DD-MM-RR'),2,'Y');
Insert into GOD_STUDENTS (CENTRE_CODE,BATCH_CODE,STUDENT_CODE,GENDER,FIRST_NAME,MIDDLE_NAME,LAST_NAME,BIRTH_DATE,SCHOOL_GRADE,NATIONAL_IDENTIFIER_FLAG) values ('KOC03','KOC03B','KOC030009','MALE','Uday','Nivas','Negi',to_date('31-08-17','DD-MM-RR'),2,'Y');
Insert into GOD_STUDENTS (CENTRE_CODE,BATCH_CODE,STUDENT_CODE,GENDER,FIRST_NAME,MIDDLE_NAME,LAST_NAME,BIRTH_DATE,SCHOOL_GRADE,NATIONAL_IDENTIFIER_FLAG) values ('KOC03','KOC03B','KOC0300010','MALE','Nilay',null,'Sood',to_date('09-01-16','DD-MM-RR'),2,'Y');
Insert into GOD_STUDENTS (CENTRE_CODE,BATCH_CODE,STUDENT_CODE,GENDER,FIRST_NAME,MIDDLE_NAME,LAST_NAME,BIRTH_DATE,SCHOOL_GRADE,NATIONAL_IDENTIFIER_FLAG) values ('KOC03','KOC03B','KOC0300011','FEMALE','Gauri',null,'Daman',to_date('11-09-16','DD-MM-RR'),2,'N');
Insert into GOD_STUDENTS (CENTRE_CODE,BATCH_CODE,STUDENT_CODE,GENDER,FIRST_NAME,MIDDLE_NAME,LAST_NAME,BIRTH_DATE,SCHOOL_GRADE,NATIONAL_IDENTIFIER_FLAG) values ('KOC03','KOC03B','KOC0300012','MALE','Rashid',null,'Rahiman',to_date('13-04-16','DD-MM-RR'),2,'Y');
Insert into GOD_STUDENTS (CENTRE_CODE,BATCH_CODE,STUDENT_CODE,GENDER,FIRST_NAME,MIDDLE_NAME,LAST_NAME,BIRTH_DATE,SCHOOL_GRADE,NATIONAL_IDENTIFIER_FLAG) values ('KOC03','KOC03C','KOC0300013','MALE','Vismay','Kumar','Sharma',to_date('01-01-15','DD-MM-RR'),3,'Y');
Insert into GOD_STUDENTS (CENTRE_CODE,BATCH_CODE,STUDENT_CODE,GENDER,FIRST_NAME,MIDDLE_NAME,LAST_NAME,BIRTH_DATE,SCHOOL_GRADE,NATIONAL_IDENTIFIER_FLAG) values ('KOC03','KOC03C','KOC0300014','FEMALE','Sanjana',null,'Sanil',to_date('02-07-15','DD-MM-RR'),3,'Y');
Insert into GOD_STUDENTS (CENTRE_CODE,BATCH_CODE,STUDENT_CODE,GENDER,FIRST_NAME,MIDDLE_NAME,LAST_NAME,BIRTH_DATE,SCHOOL_GRADE,NATIONAL_IDENTIFIER_FLAG) values ('KOC03','KOC03C','KOC0300015','MALE','Uday','Nivas','Negi',to_date('31-08-15','DD-MM-RR'),3,'Y');
Insert into GOD_STUDENTS (CENTRE_CODE,BATCH_CODE,STUDENT_CODE,GENDER,FIRST_NAME,MIDDLE_NAME,LAST_NAME,BIRTH_DATE,SCHOOL_GRADE,NATIONAL_IDENTIFIER_FLAG) values ('KOC03','KOC03C','KOC0300016','MALE','Nilay',null,'Sood',to_date('09-01-14','DD-MM-RR'),3,'Y');
Insert into GOD_STUDENTS (CENTRE_CODE,BATCH_CODE,STUDENT_CODE,GENDER,FIRST_NAME,MIDDLE_NAME,LAST_NAME,BIRTH_DATE,SCHOOL_GRADE,NATIONAL_IDENTIFIER_FLAG) values ('KOC03','KOC03C','KOC0300017','FEMALE','Gauri',null,'Daman',to_date('11-09-15','DD-MM-RR'),3,'N');
Insert into GOD_STUDENTS (CENTRE_CODE,BATCH_CODE,STUDENT_CODE,GENDER,FIRST_NAME,MIDDLE_NAME,LAST_NAME,BIRTH_DATE,SCHOOL_GRADE,NATIONAL_IDENTIFIER_FLAG) values ('KOC03','KOC03C','KOC0300018','MALE','Rashid',null,'Rahiman',to_date('13-04-15','DD-MM-RR'),3,'Y');
Insert into GOD_STUDENTS (CENTRE_CODE,BATCH_CODE,STUDENT_CODE,GENDER,FIRST_NAME,MIDDLE_NAME,LAST_NAME,BIRTH_DATE,SCHOOL_GRADE,NATIONAL_IDENTIFIER_FLAG) values ('KOC03','KOC03D','KOC0300019','MALE','Vismay','Kumar','Sharma',to_date('01-01-15','DD-MM-RR'),3,'Y');
Insert into GOD_STUDENTS (CENTRE_CODE,BATCH_CODE,STUDENT_CODE,GENDER,FIRST_NAME,MIDDLE_NAME,LAST_NAME,BIRTH_DATE,SCHOOL_GRADE,NATIONAL_IDENTIFIER_FLAG) values ('KOC03','KOC03D','KOC0300020','FEMALE','Sanjana',null,'Sanil',to_date('02-07-15','DD-MM-RR'),3,'Y');
Insert into GOD_STUDENTS (CENTRE_CODE,BATCH_CODE,STUDENT_CODE,GENDER,FIRST_NAME,MIDDLE_NAME,LAST_NAME,BIRTH_DATE,SCHOOL_GRADE,NATIONAL_IDENTIFIER_FLAG) values ('KOC03','KOC03D','KOC0300021','MALE','Uday','Nivas','Negi',to_date('31-08-15','DD-MM-RR'),3,'Y');
Insert into GOD_STUDENTS (CENTRE_CODE,BATCH_CODE,STUDENT_CODE,GENDER,FIRST_NAME,MIDDLE_NAME,LAST_NAME,BIRTH_DATE,SCHOOL_GRADE,NATIONAL_IDENTIFIER_FLAG) values ('KOC03','KOC03D','KOC0300022','MALE','Nilay',null,'Sood',to_date('09-01-14','DD-MM-RR'),3,'Y');
Insert into GOD_STUDENTS (CENTRE_CODE,BATCH_CODE,STUDENT_CODE,GENDER,FIRST_NAME,MIDDLE_NAME,LAST_NAME,BIRTH_DATE,SCHOOL_GRADE,NATIONAL_IDENTIFIER_FLAG) values ('KOC03','KOC03D','KOC0300023','FEMALE','Gauri',null,'Daman',to_date('11-09-15','DD-MM-RR'),3,'N');
Insert into GOD_STUDENTS (CENTRE_CODE,BATCH_CODE,STUDENT_CODE,GENDER,FIRST_NAME,MIDDLE_NAME,LAST_NAME,BIRTH_DATE,SCHOOL_GRADE,NATIONAL_IDENTIFIER_FLAG) values ('KOC03','KOC03D','KOC0300024','MALE','Rashid',null,'Rahiman',to_date('13-04-15','DD-MM-RR'),3,'Y');


--GOD_VOLUNTEERS

CREATE TABLE GOD_VOLUNTEERS 
   (CITY_UNIT_CODE VARCHAR2(30), 
	VOLUNTEER_CODE VARCHAR2(30) PRIMARY KEY, 
	FIRST_NAME VARCHAR2(60), 
	MIDDLE_NAME VARCHAR2(60), 
	LAST_NAME VARCHAR2(60), 
	EMAIL_ADDRESS VARCHAR2(120), 
	PRIMARY_PHONE_NUMBER VARCHAR2(30), 
	ALTERNATE_PHONE_NUMBER VARCHAR2(30), 
	ADDRESS VARCHAR2(300), 
	BATCH_CODE VARCHAR2(30), 
	BIRTH_DATE DATE, 
	HIRE_DATE DATE, 
	GENDER VARCHAR2(30), 
	VOLUNTEER_TYPE VARCHAR2(30), 
	ASSIGNED_PIN NUMBER(6,0)
   )  ;

Insert into GOD_VOLUNTEERS (CITY_UNIT_CODE,VOLUNTEER_CODE,FIRST_NAME,MIDDLE_NAME,LAST_NAME,EMAIL_ADDRESS,PRIMARY_PHONE_NUMBER,ALTERNATE_PHONE_NUMBER,ADDRESS,BATCH_CODE,BIRTH_DATE,HIRE_DATE,GENDER,VOLUNTEER_TYPE,ASSIGNED_PIN) values ('BANGALORE','VBLR1001','Ramesh','Vishnu','Sagar','vblr1001@godreams.org','8899889981','9988998890','9 Market Street, 1st Floor, Sarjapura Road, Bangalore North, Bangalore, Karnataka, 560043','BLR01A',to_date('01-01-90','DD-MM-RR'),to_date('01-02-17','DD-MM-RR'),'MALE','ADMIN',112233);
Insert into GOD_VOLUNTEERS (CITY_UNIT_CODE,VOLUNTEER_CODE,FIRST_NAME,MIDDLE_NAME,LAST_NAME,EMAIL_ADDRESS,PRIMARY_PHONE_NUMBER,ALTERNATE_PHONE_NUMBER,ADDRESS,BATCH_CODE,BIRTH_DATE,HIRE_DATE,GENDER,VOLUNTEER_TYPE,ASSIGNED_PIN) values ('BANGALORE','VBLR1002','Mohammed','Nabi','Khan','vblr1002@godreams.org','8899889982','9988998891','9 Market Street, 1st Floor, Sarjapura Road, Bangalore North, Bangalore, Karnataka, 560043','BLR01B',to_date('21-01-90','DD-MM-RR'),to_date('21-03-18','DD-MM-RR'),'MALE','TEACHER',112233);
Insert into GOD_VOLUNTEERS (CITY_UNIT_CODE,VOLUNTEER_CODE,FIRST_NAME,MIDDLE_NAME,LAST_NAME,EMAIL_ADDRESS,PRIMARY_PHONE_NUMBER,ALTERNATE_PHONE_NUMBER,ADDRESS,BATCH_CODE,BIRTH_DATE,HIRE_DATE,GENDER,VOLUNTEER_TYPE,ASSIGNED_PIN) values ('BANGALORE','VBLR1003','Atul','Nishant','Kishore','vblr1003@godreams.org','8899889983','9988998892','9 Market Street, 1st Floor, Sarjapura Road, Bangalore North, Bangalore, Karnataka, 560043','BLR01C',to_date('01-02-95','DD-MM-RR'),to_date('01-02-17','DD-MM-RR'),'MALE','TEACHER',112233);
Insert into GOD_VOLUNTEERS (CITY_UNIT_CODE,VOLUNTEER_CODE,FIRST_NAME,MIDDLE_NAME,LAST_NAME,EMAIL_ADDRESS,PRIMARY_PHONE_NUMBER,ALTERNATE_PHONE_NUMBER,ADDRESS,BATCH_CODE,BIRTH_DATE,HIRE_DATE,GENDER,VOLUNTEER_TYPE,ASSIGNED_PIN) values ('BANGALORE','VBLR1004','Nimit',null,'Namkodi','vblr1004@godreams.org','8899889984','8988998893','9 Market Street, 1st Floor, Sarjapura Road, Bangalore North, Bangalore, Karnataka, 560043','BLR01D',to_date('12-03-95','DD-MM-RR'),to_date('01-02-17','DD-MM-RR'),'MALE','TEACHER',112233);
Insert into GOD_VOLUNTEERS (CITY_UNIT_CODE,VOLUNTEER_CODE,FIRST_NAME,MIDDLE_NAME,LAST_NAME,EMAIL_ADDRESS,PRIMARY_PHONE_NUMBER,ALTERNATE_PHONE_NUMBER,ADDRESS,BATCH_CODE,BIRTH_DATE,HIRE_DATE,GENDER,VOLUNTEER_TYPE,ASSIGNED_PIN) values ('BANGALORE','VBLR1005','Supriya','Jeena','Pule','vblr1005@godreams.org','8899889985','8988998894','9 Market Street, 1st Floor, Sarjapura Road, Bangalore North, Bangalore, Karnataka, 560043','BLR02A',to_date('11-04-90','DD-MM-RR'),to_date('01-02-17','DD-MM-RR'),'FEMALE','TEACHER',112233);
Insert into GOD_VOLUNTEERS (CITY_UNIT_CODE,VOLUNTEER_CODE,FIRST_NAME,MIDDLE_NAME,LAST_NAME,EMAIL_ADDRESS,PRIMARY_PHONE_NUMBER,ALTERNATE_PHONE_NUMBER,ADDRESS,BATCH_CODE,BIRTH_DATE,HIRE_DATE,GENDER,VOLUNTEER_TYPE,ASSIGNED_PIN) values ('BANGALORE','VBLR1006','Nimisha',null,'Krishna','vblr1006@godreams.org','8899889986','9988998895','9 Market Street, 1st Floor, Sarjapura Road, Bangalore North, Bangalore, Karnataka, 560043','BLR02B',to_date('14-05-90','DD-MM-RR'),to_date('01-02-17','DD-MM-RR'),'FEMALE','TEACHER',112233);
Insert into GOD_VOLUNTEERS (CITY_UNIT_CODE,VOLUNTEER_CODE,FIRST_NAME,MIDDLE_NAME,LAST_NAME,EMAIL_ADDRESS,PRIMARY_PHONE_NUMBER,ALTERNATE_PHONE_NUMBER,ADDRESS,BATCH_CODE,BIRTH_DATE,HIRE_DATE,GENDER,VOLUNTEER_TYPE,ASSIGNED_PIN) values ('BANGALORE','VBLR1007','Utpal','Tomar','Lokhandwala','vblr1007@godreams.org','8899889987','7988998896','9 Market Street, 1st Floor, Sarjapura Road, Bangalore North, Bangalore, Karnataka, 560043','BLR02C',to_date('17-06-90','DD-MM-RR'),to_date('01-03-21','DD-MM-RR'),'MALE','TEACHER',112233);
Insert into GOD_VOLUNTEERS (CITY_UNIT_CODE,VOLUNTEER_CODE,FIRST_NAME,MIDDLE_NAME,LAST_NAME,EMAIL_ADDRESS,PRIMARY_PHONE_NUMBER,ALTERNATE_PHONE_NUMBER,ADDRESS,BATCH_CODE,BIRTH_DATE,HIRE_DATE,GENDER,VOLUNTEER_TYPE,ASSIGNED_PIN) values ('BANGALORE','VBLR1008','Aruna',null,'Rangasamy','vblr1008@godreams.org','8899889988','8988998897','9 Market Street, 1st Floor, Sarjapura Road, Bangalore North, Bangalore, Karnataka, 560043','BLR02D',to_date('05-07-00','DD-MM-RR'),to_date('01-02-17','DD-MM-RR'),'FEMALE','TEACHER',112233);
Insert into GOD_VOLUNTEERS (CITY_UNIT_CODE,VOLUNTEER_CODE,FIRST_NAME,MIDDLE_NAME,LAST_NAME,EMAIL_ADDRESS,PRIMARY_PHONE_NUMBER,ALTERNATE_PHONE_NUMBER,ADDRESS,BATCH_CODE,BIRTH_DATE,HIRE_DATE,GENDER,VOLUNTEER_TYPE,ASSIGNED_PIN) values ('BANGALORE','VBLR1009','Unmesh',null,'Nair','vblr1009@godreams.org','8899889989','9988998898','9 Market Street, 1st Floor, Sarjapura Road, Bangalore North, Bangalore, Karnataka, 560043','BLR03A',to_date('22-08-01','DD-MM-RR'),to_date('01-02-17','DD-MM-RR'),'MALE','TEACHER',112233);
Insert into GOD_VOLUNTEERS (CITY_UNIT_CODE,VOLUNTEER_CODE,FIRST_NAME,MIDDLE_NAME,LAST_NAME,EMAIL_ADDRESS,PRIMARY_PHONE_NUMBER,ALTERNATE_PHONE_NUMBER,ADDRESS,BATCH_CODE,BIRTH_DATE,HIRE_DATE,GENDER,VOLUNTEER_TYPE,ASSIGNED_PIN) values ('BANGALORE','VBLR10010','Prakhyat',null,'Gnanakoti','vblr10010@godreams.org','8899889990','8988998899','9 Market Street, 1st Floor, Sarjapura Road, Bangalore North, Bangalore, Karnataka, 560043','BLR03B',to_date('07-09-05','DD-MM-RR'),to_date('01-02-17','DD-MM-RR'),'MALE','TEACHER',112233);
Insert into GOD_VOLUNTEERS (CITY_UNIT_CODE,VOLUNTEER_CODE,FIRST_NAME,MIDDLE_NAME,LAST_NAME,EMAIL_ADDRESS,PRIMARY_PHONE_NUMBER,ALTERNATE_PHONE_NUMBER,ADDRESS,BATCH_CODE,BIRTH_DATE,HIRE_DATE,GENDER,VOLUNTEER_TYPE,ASSIGNED_PIN) values ('BANGALORE','VBLR10011','Abhijeet',null,'Pradan','vblr10011@godreams.org','8899889990','8988998899','9 Market Street, 1st Floor, Sarjapura Road, Bangalore North, Bangalore, Karnataka, 560043','BLR03C',to_date('09-10-05','DD-MM-RR'),to_date('01-02-17','DD-MM-RR'),'MALE','TEACHER',112233);
Insert into GOD_VOLUNTEERS (CITY_UNIT_CODE,VOLUNTEER_CODE,FIRST_NAME,MIDDLE_NAME,LAST_NAME,EMAIL_ADDRESS,PRIMARY_PHONE_NUMBER,ALTERNATE_PHONE_NUMBER,ADDRESS,BATCH_CODE,BIRTH_DATE,HIRE_DATE,GENDER,VOLUNTEER_TYPE,ASSIGNED_PIN) values ('BANGALORE','VBLR10012','Anita',null,'Sengar','vblr10012@godreams.org','8899889990','8988998899','9 Market Street, 1st Floor, Sarjapura Road, Bangalore North, Bangalore, Karnataka, 560043','BLR03D',to_date('02-12-04','DD-MM-RR'),to_date('01-04-20','DD-MM-RR'),'FEMALE','TEACHER',112233);
Insert into GOD_VOLUNTEERS (CITY_UNIT_CODE,VOLUNTEER_CODE,FIRST_NAME,MIDDLE_NAME,LAST_NAME,EMAIL_ADDRESS,PRIMARY_PHONE_NUMBER,ALTERNATE_PHONE_NUMBER,ADDRESS,BATCH_CODE,BIRTH_DATE,HIRE_DATE,GENDER,VOLUNTEER_TYPE,ASSIGNED_PIN) values ('CHENNAI','VCHN1001','Ramesh','Vishnu','Sagar','vchn1001@godreams.org','8899889981','9988998890','10 Temple Street, 2nd Floor, Madipakkam Road, Chennai North, Chennai, Tamilnadu, 600021','CHN01A',to_date('01-01-90','DD-MM-RR'),to_date('01-02-17','DD-MM-RR'),'MALE','ADMIN',112233);
Insert into GOD_VOLUNTEERS (CITY_UNIT_CODE,VOLUNTEER_CODE,FIRST_NAME,MIDDLE_NAME,LAST_NAME,EMAIL_ADDRESS,PRIMARY_PHONE_NUMBER,ALTERNATE_PHONE_NUMBER,ADDRESS,BATCH_CODE,BIRTH_DATE,HIRE_DATE,GENDER,VOLUNTEER_TYPE,ASSIGNED_PIN) values ('CHENNAI','VCHN1003','Atul','Nishant','Kishore','vchn1003@godreams.org','8899889983','9988998892','10 Temple Street, 2nd Floor, Madipakkam Road, Chennai North, Chennai, Tamilnadu, 600021','CHN01C',to_date('01-02-95','DD-MM-RR'),to_date('01-02-17','DD-MM-RR'),'MALE','TEACHER',112233);
Insert into GOD_VOLUNTEERS (CITY_UNIT_CODE,VOLUNTEER_CODE,FIRST_NAME,MIDDLE_NAME,LAST_NAME,EMAIL_ADDRESS,PRIMARY_PHONE_NUMBER,ALTERNATE_PHONE_NUMBER,ADDRESS,BATCH_CODE,BIRTH_DATE,HIRE_DATE,GENDER,VOLUNTEER_TYPE,ASSIGNED_PIN) values ('CHENNAI','VCHN1004','Nimit',null,'Namkodi','vchn1004@godreams.org','8899889984','8988998893','10 Temple Street, 2nd Floor, Madipakkam Road, Chennai North, Chennai, Tamilnadu, 600021','CHN01D',to_date('12-03-95','DD-MM-RR'),to_date('01-02-17','DD-MM-RR'),'MALE','TEACHER',112233);
Insert into GOD_VOLUNTEERS (CITY_UNIT_CODE,VOLUNTEER_CODE,FIRST_NAME,MIDDLE_NAME,LAST_NAME,EMAIL_ADDRESS,PRIMARY_PHONE_NUMBER,ALTERNATE_PHONE_NUMBER,ADDRESS,BATCH_CODE,BIRTH_DATE,HIRE_DATE,GENDER,VOLUNTEER_TYPE,ASSIGNED_PIN) values ('CHENNAI','VCHN1005','Supriya','Jeena','Pule','vchn1005@godreams.org','8899889985','8988998894','10 Temple Street, 2nd Floor, Madipakkam Road, Chennai North, Chennai, Tamilnadu, 600021','CHN02A',to_date('11-04-90','DD-MM-RR'),to_date('01-02-17','DD-MM-RR'),'FEMALE','TEACHER',112233);
Insert into GOD_VOLUNTEERS (CITY_UNIT_CODE,VOLUNTEER_CODE,FIRST_NAME,MIDDLE_NAME,LAST_NAME,EMAIL_ADDRESS,PRIMARY_PHONE_NUMBER,ALTERNATE_PHONE_NUMBER,ADDRESS,BATCH_CODE,BIRTH_DATE,HIRE_DATE,GENDER,VOLUNTEER_TYPE,ASSIGNED_PIN) values ('CHENNAI','VCHN1006','Nimisha',null,'Krishna','vchn1006@godreams.org','8899889986','9988998895','10 Temple Street, 2nd Floor, Madipakkam Road, Chennai North, Chennai, Tamilnadu, 600021','CHN02B',to_date('14-05-90','DD-MM-RR'),to_date('01-02-17','DD-MM-RR'),'FEMALE','TEACHER',112233);
Insert into GOD_VOLUNTEERS (CITY_UNIT_CODE,VOLUNTEER_CODE,FIRST_NAME,MIDDLE_NAME,LAST_NAME,EMAIL_ADDRESS,PRIMARY_PHONE_NUMBER,ALTERNATE_PHONE_NUMBER,ADDRESS,BATCH_CODE,BIRTH_DATE,HIRE_DATE,GENDER,VOLUNTEER_TYPE,ASSIGNED_PIN) values ('CHENNAI','VCHN1007','Utpal','Tomar','Lokhandwala','vchn1007@godreams.org','8899889987','7988998896','10 Temple Street, 2nd Floor, Madipakkam Road, Chennai North, Chennai, Tamilnadu, 600021','CHN02C',to_date('17-06-90','DD-MM-RR'),to_date('01-03-21','DD-MM-RR'),'MALE','TEACHER',112233);
Insert into GOD_VOLUNTEERS (CITY_UNIT_CODE,VOLUNTEER_CODE,FIRST_NAME,MIDDLE_NAME,LAST_NAME,EMAIL_ADDRESS,PRIMARY_PHONE_NUMBER,ALTERNATE_PHONE_NUMBER,ADDRESS,BATCH_CODE,BIRTH_DATE,HIRE_DATE,GENDER,VOLUNTEER_TYPE,ASSIGNED_PIN) values ('CHENNAI','VCHN1008','Aruna',null,'Rangasamy','vchn1008@godreams.org','8899889988','8988998897','10 Temple Street, 2nd Floor, Madipakkam Road, Chennai North, Chennai, Tamilnadu, 600021','CHN02D',to_date('05-07-00','DD-MM-RR'),to_date('01-02-17','DD-MM-RR'),'FEMALE','TEACHER',112233);
Insert into GOD_VOLUNTEERS (CITY_UNIT_CODE,VOLUNTEER_CODE,FIRST_NAME,MIDDLE_NAME,LAST_NAME,EMAIL_ADDRESS,PRIMARY_PHONE_NUMBER,ALTERNATE_PHONE_NUMBER,ADDRESS,BATCH_CODE,BIRTH_DATE,HIRE_DATE,GENDER,VOLUNTEER_TYPE,ASSIGNED_PIN) values ('CHENNAI','VCHN1009','Unmesh',null,'Nair','vchn1009@godreams.org','8899889989','9988998898','10 Temple Street, 2nd Floor, Madipakkam Road, Chennai North, Chennai, Tamilnadu, 600021','CHN03A',to_date('22-08-01','DD-MM-RR'),to_date('01-02-17','DD-MM-RR'),'MALE','TEACHER',112233);
Insert into GOD_VOLUNTEERS (CITY_UNIT_CODE,VOLUNTEER_CODE,FIRST_NAME,MIDDLE_NAME,LAST_NAME,EMAIL_ADDRESS,PRIMARY_PHONE_NUMBER,ALTERNATE_PHONE_NUMBER,ADDRESS,BATCH_CODE,BIRTH_DATE,HIRE_DATE,GENDER,VOLUNTEER_TYPE,ASSIGNED_PIN) values ('CHENNAI','VCHN10010','Prakhyat',null,'Gnanakoti','vchn10010@godreams.org','8899889990','8988998899','10 Temple Street, 2nd Floor, Madipakkam Road, Chennai North, Chennai, Tamilnadu, 600021','CHN03B',to_date('07-09-05','DD-MM-RR'),to_date('01-02-17','DD-MM-RR'),'MALE','TEACHER',112233);
Insert into GOD_VOLUNTEERS (CITY_UNIT_CODE,VOLUNTEER_CODE,FIRST_NAME,MIDDLE_NAME,LAST_NAME,EMAIL_ADDRESS,PRIMARY_PHONE_NUMBER,ALTERNATE_PHONE_NUMBER,ADDRESS,BATCH_CODE,BIRTH_DATE,HIRE_DATE,GENDER,VOLUNTEER_TYPE,ASSIGNED_PIN) values ('CHENNAI','VCHN10011','Abhijeet',null,'Pradan','vchn10011@godreams.org','8899889990','8988998899','10 Temple Street, 2nd Floor, Madipakkam Road, Chennai North, Chennai, Tamilnadu, 600021','CHN03C',to_date('09-10-05','DD-MM-RR'),to_date('01-02-17','DD-MM-RR'),'MALE','TEACHER',112233);
Insert into GOD_VOLUNTEERS (CITY_UNIT_CODE,VOLUNTEER_CODE,FIRST_NAME,MIDDLE_NAME,LAST_NAME,EMAIL_ADDRESS,PRIMARY_PHONE_NUMBER,ALTERNATE_PHONE_NUMBER,ADDRESS,BATCH_CODE,BIRTH_DATE,HIRE_DATE,GENDER,VOLUNTEER_TYPE,ASSIGNED_PIN) values ('CHENNAI','VCHN10012','Anita',null,'Sengar','vchn10012@godreams.org','8899889990','8988998899','10 Temple Street, 2nd Floor, Madipakkam Road, Chennai North, Chennai, Tamilnadu, 600021','CHN03D',to_date('02-12-04','DD-MM-RR'),to_date('01-04-20','DD-MM-RR'),'FEMALE','TEACHER',112233);
Insert into GOD_VOLUNTEERS (CITY_UNIT_CODE,VOLUNTEER_CODE,FIRST_NAME,MIDDLE_NAME,LAST_NAME,EMAIL_ADDRESS,PRIMARY_PHONE_NUMBER,ALTERNATE_PHONE_NUMBER,ADDRESS,BATCH_CODE,BIRTH_DATE,HIRE_DATE,GENDER,VOLUNTEER_TYPE,ASSIGNED_PIN) values ('CHENNAI','VCHN10013','Rekha',null,'Upadhyay','vchn10013@godreams.org','8899889990','8988998899','10 Temple Street, 2nd Floor, Madipakkam Road, Chennai North, Chennai, Tamilnadu, 600021','CHN04A',to_date('02-12-04','DD-MM-RR'),to_date('01-04-20','DD-MM-RR'),'FEMALE','TEACHER',112233);
Insert into GOD_VOLUNTEERS (CITY_UNIT_CODE,VOLUNTEER_CODE,FIRST_NAME,MIDDLE_NAME,LAST_NAME,EMAIL_ADDRESS,PRIMARY_PHONE_NUMBER,ALTERNATE_PHONE_NUMBER,ADDRESS,BATCH_CODE,BIRTH_DATE,HIRE_DATE,GENDER,VOLUNTEER_TYPE,ASSIGNED_PIN) values ('CHENNAI','VCHN10014','Sudha',null,'Shetty','vchn10014@godreams.org','8899889990','8988998899','10 Temple Street, 2nd Floor, Madipakkam Road, Chennai North, Chennai, Tamilnadu, 600021','CHN04B',to_date('02-12-04','DD-MM-RR'),to_date('01-04-20','DD-MM-RR'),'FEMALE','TEACHER',112233);
Insert into GOD_VOLUNTEERS (CITY_UNIT_CODE,VOLUNTEER_CODE,FIRST_NAME,MIDDLE_NAME,LAST_NAME,EMAIL_ADDRESS,PRIMARY_PHONE_NUMBER,ALTERNATE_PHONE_NUMBER,ADDRESS,BATCH_CODE,BIRTH_DATE,HIRE_DATE,GENDER,VOLUNTEER_TYPE,ASSIGNED_PIN) values ('CHENNAI','VCHN10015','Anwar',null,'Abdullah','vchn10015@godreams.org','8899889990','8988998899','10 Temple Street, 2nd Floor, Madipakkam Road, Chennai North, Chennai, Tamilnadu, 600021','CHN04C',to_date('02-12-04','DD-MM-RR'),to_date('01-04-20','DD-MM-RR'),'MALE','TEACHER',112233);
Insert into GOD_VOLUNTEERS (CITY_UNIT_CODE,VOLUNTEER_CODE,FIRST_NAME,MIDDLE_NAME,LAST_NAME,EMAIL_ADDRESS,PRIMARY_PHONE_NUMBER,ALTERNATE_PHONE_NUMBER,ADDRESS,BATCH_CODE,BIRTH_DATE,HIRE_DATE,GENDER,VOLUNTEER_TYPE,ASSIGNED_PIN) values ('CHENNAI','VCHN10016','Alfred',null,'Joseph','vchn10016@godreams.org','8899889990','8988998899','10 Temple Street, 2nd Floor, Madipakkam Road, Chennai North, Chennai, Tamilnadu, 600021','CHN04D',to_date('02-12-04','DD-MM-RR'),to_date('01-04-20','DD-MM-RR'),'MALE','TEACHER',112233);
Insert into GOD_VOLUNTEERS (CITY_UNIT_CODE,VOLUNTEER_CODE,FIRST_NAME,MIDDLE_NAME,LAST_NAME,EMAIL_ADDRESS,PRIMARY_PHONE_NUMBER,ALTERNATE_PHONE_NUMBER,ADDRESS,BATCH_CODE,BIRTH_DATE,HIRE_DATE,GENDER,VOLUNTEER_TYPE,ASSIGNED_PIN) values ('CHENNAI','VCHN10017','Roohi',null,'Tabassum','vchn10017@godreams.org','8899889990','8988998899','10 Temple Street, 2nd Floor, Madipakkam Road, Chennai North, Chennai, Tamilnadu, 600021','CHN05A',to_date('02-12-04','DD-MM-RR'),to_date('01-04-20','DD-MM-RR'),'FEMALE','TEACHER',112233);
Insert into GOD_VOLUNTEERS (CITY_UNIT_CODE,VOLUNTEER_CODE,FIRST_NAME,MIDDLE_NAME,LAST_NAME,EMAIL_ADDRESS,PRIMARY_PHONE_NUMBER,ALTERNATE_PHONE_NUMBER,ADDRESS,BATCH_CODE,BIRTH_DATE,HIRE_DATE,GENDER,VOLUNTEER_TYPE,ASSIGNED_PIN) values ('CHENNAI','VCHN10018','Susan',null,'George','vchn10018@godreams.org','8899889990','8988998899','10 Temple Street, 2nd Floor, Madipakkam Road, Chennai North, Chennai, Tamilnadu, 600021','CHN05B',to_date('02-12-04','DD-MM-RR'),to_date('01-04-20','DD-MM-RR'),'FEMALE','TEACHER',112233);
Insert into GOD_VOLUNTEERS (CITY_UNIT_CODE,VOLUNTEER_CODE,FIRST_NAME,MIDDLE_NAME,LAST_NAME,EMAIL_ADDRESS,PRIMARY_PHONE_NUMBER,ALTERNATE_PHONE_NUMBER,ADDRESS,BATCH_CODE,BIRTH_DATE,HIRE_DATE,GENDER,VOLUNTEER_TYPE,ASSIGNED_PIN) values ('CHENNAI','VCHN10019','Namita',null,'Tadoori','vchn10019@godreams.org','8899889990','8988998899','10 Temple Street, 2nd Floor, Madipakkam Road, Chennai North, Chennai, Tamilnadu, 600021','CHN05C',to_date('02-12-04','DD-MM-RR'),to_date('01-04-20','DD-MM-RR'),'FEMALE','TEACHER',112233);
Insert into GOD_VOLUNTEERS (CITY_UNIT_CODE,VOLUNTEER_CODE,FIRST_NAME,MIDDLE_NAME,LAST_NAME,EMAIL_ADDRESS,PRIMARY_PHONE_NUMBER,ALTERNATE_PHONE_NUMBER,ADDRESS,BATCH_CODE,BIRTH_DATE,HIRE_DATE,GENDER,VOLUNTEER_TYPE,ASSIGNED_PIN) values ('CHENNAI','VCHN10020','Rajeswari',null,'Ventachalam','vchn10020@godreams.org','8899889990','8988998899','10 Temple Street, 2nd Floor, Madipakkam Road, Chennai North, Chennai, Tamilnadu, 600021','CHN05D',to_date('02-12-04','DD-MM-RR'),to_date('01-04-20','DD-MM-RR'),'FEMALE','TEACHER',112233);
Insert into GOD_VOLUNTEERS (CITY_UNIT_CODE,VOLUNTEER_CODE,FIRST_NAME,MIDDLE_NAME,LAST_NAME,EMAIL_ADDRESS,PRIMARY_PHONE_NUMBER,ALTERNATE_PHONE_NUMBER,ADDRESS,BATCH_CODE,BIRTH_DATE,HIRE_DATE,GENDER,VOLUNTEER_TYPE,ASSIGNED_PIN) values ('KOCHI','VKOC1001','Ramesh','Vishnu','Sagar','vkoc1001@godreams.org','8899889981','9988998890','Thamrassery Street, TRRA 77, Punithura Road, Ernakulam North, Ernakulam, Kerala, 682038','KOC01A',to_date('01-01-90','DD-MM-RR'),to_date('01-02-17','DD-MM-RR'),'MALE','ADMIN',112233);
Insert into GOD_VOLUNTEERS (CITY_UNIT_CODE,VOLUNTEER_CODE,FIRST_NAME,MIDDLE_NAME,LAST_NAME,EMAIL_ADDRESS,PRIMARY_PHONE_NUMBER,ALTERNATE_PHONE_NUMBER,ADDRESS,BATCH_CODE,BIRTH_DATE,HIRE_DATE,GENDER,VOLUNTEER_TYPE,ASSIGNED_PIN) values ('KOCHI','VKOC1002','Mohammed','Nabi','Khan','vkoc1002@godreams.org','8899889982','9988998891','Thamrassery Street, TRRA 77, Punithura Road, Ernakulam North, Ernakulam, Kerala, 682038','KOC01B',to_date('21-01-90','DD-MM-RR'),to_date('21-03-18','DD-MM-RR'),'MALE','TEACHER',112233);
Insert into GOD_VOLUNTEERS (CITY_UNIT_CODE,VOLUNTEER_CODE,FIRST_NAME,MIDDLE_NAME,LAST_NAME,EMAIL_ADDRESS,PRIMARY_PHONE_NUMBER,ALTERNATE_PHONE_NUMBER,ADDRESS,BATCH_CODE,BIRTH_DATE,HIRE_DATE,GENDER,VOLUNTEER_TYPE,ASSIGNED_PIN) values ('KOCHI','VKOC1003','Atul','Nishant','Kishore','vkoc1003@godreams.org','8899889983','9988998892','Thamrassery Street, TRRA 77, Punithura Road, Ernakulam North, Ernakulam, Kerala, 682038','KOC01C',to_date('01-02-95','DD-MM-RR'),to_date('01-02-17','DD-MM-RR'),'MALE','TEACHER',112233);
Insert into GOD_VOLUNTEERS (CITY_UNIT_CODE,VOLUNTEER_CODE,FIRST_NAME,MIDDLE_NAME,LAST_NAME,EMAIL_ADDRESS,PRIMARY_PHONE_NUMBER,ALTERNATE_PHONE_NUMBER,ADDRESS,BATCH_CODE,BIRTH_DATE,HIRE_DATE,GENDER,VOLUNTEER_TYPE,ASSIGNED_PIN) values ('KOCHI','VKOC1004','Nimit',null,'Namkodi','vkoc1004@godreams.org','8899889984','8988998893','Thamrassery Street, TRRA 77, Punithura Road, Ernakulam North, Ernakulam, Kerala, 682038','KOC01D',to_date('12-03-95','DD-MM-RR'),to_date('01-02-17','DD-MM-RR'),'MALE','TEACHER',112233);
Insert into GOD_VOLUNTEERS (CITY_UNIT_CODE,VOLUNTEER_CODE,FIRST_NAME,MIDDLE_NAME,LAST_NAME,EMAIL_ADDRESS,PRIMARY_PHONE_NUMBER,ALTERNATE_PHONE_NUMBER,ADDRESS,BATCH_CODE,BIRTH_DATE,HIRE_DATE,GENDER,VOLUNTEER_TYPE,ASSIGNED_PIN) values ('KOCHI','VKOC1005','Supriya','Jeena','Pule','vkoc1005@godreams.org','8899889985','8988998894','Thamrassery Street, TRRA 77, Punithura Road, Ernakulam North, Ernakulam, Kerala, 682038','KOC02A',to_date('11-04-90','DD-MM-RR'),to_date('01-02-17','DD-MM-RR'),'FEMALE','TEACHER',112233);
Insert into GOD_VOLUNTEERS (CITY_UNIT_CODE,VOLUNTEER_CODE,FIRST_NAME,MIDDLE_NAME,LAST_NAME,EMAIL_ADDRESS,PRIMARY_PHONE_NUMBER,ALTERNATE_PHONE_NUMBER,ADDRESS,BATCH_CODE,BIRTH_DATE,HIRE_DATE,GENDER,VOLUNTEER_TYPE,ASSIGNED_PIN) values ('KOCHI','VKOC1006','Nimisha',null,'Krishna','vkoc1006@godreams.org','8899889986','9988998895','Thamrassery Street, TRRA 77, Punithura Road, Ernakulam North, Ernakulam, Kerala, 682038','KOC02B',to_date('14-05-90','DD-MM-RR'),to_date('01-02-17','DD-MM-RR'),'FEMALE','TEACHER',112233);
Insert into GOD_VOLUNTEERS (CITY_UNIT_CODE,VOLUNTEER_CODE,FIRST_NAME,MIDDLE_NAME,LAST_NAME,EMAIL_ADDRESS,PRIMARY_PHONE_NUMBER,ALTERNATE_PHONE_NUMBER,ADDRESS,BATCH_CODE,BIRTH_DATE,HIRE_DATE,GENDER,VOLUNTEER_TYPE,ASSIGNED_PIN) values ('KOCHI','VKOC1007','Utpal','Tomar','Lokhandwala','vkoc1007@godreams.org','8899889987','7988998896','Thamrassery Street, TRRA 77, Punithura Road, Ernakulam North, Ernakulam, Kerala, 682038','KOC02C',to_date('17-06-90','DD-MM-RR'),to_date('01-03-21','DD-MM-RR'),'MALE','TEACHER',112233);
Insert into GOD_VOLUNTEERS (CITY_UNIT_CODE,VOLUNTEER_CODE,FIRST_NAME,MIDDLE_NAME,LAST_NAME,EMAIL_ADDRESS,PRIMARY_PHONE_NUMBER,ALTERNATE_PHONE_NUMBER,ADDRESS,BATCH_CODE,BIRTH_DATE,HIRE_DATE,GENDER,VOLUNTEER_TYPE,ASSIGNED_PIN) values ('KOCHI','VKOC1008','Aruna',null,'Rangasamy','vkoc1008@godreams.org','8899889988','8988998897','Thamrassery Street, TRRA 77, Punithura Road, Ernakulam North, Ernakulam, Kerala, 682038','KOC02D',to_date('05-07-00','DD-MM-RR'),to_date('01-02-17','DD-MM-RR'),'FEMALE','TEACHER',112233);
Insert into GOD_VOLUNTEERS (CITY_UNIT_CODE,VOLUNTEER_CODE,FIRST_NAME,MIDDLE_NAME,LAST_NAME,EMAIL_ADDRESS,PRIMARY_PHONE_NUMBER,ALTERNATE_PHONE_NUMBER,ADDRESS,BATCH_CODE,BIRTH_DATE,HIRE_DATE,GENDER,VOLUNTEER_TYPE,ASSIGNED_PIN) values ('KOCHI','VKOC1009','Unmesh',null,'Nair','vkoc1009@godreams.org','8899889989','9988998898','Thamrassery Street, TRRA 77, Punithura Road, Ernakulam North, Ernakulam, Kerala, 682038','KOC03A',to_date('22-08-01','DD-MM-RR'),to_date('01-02-17','DD-MM-RR'),'MALE','TEACHER',112233);
Insert into GOD_VOLUNTEERS (CITY_UNIT_CODE,VOLUNTEER_CODE,FIRST_NAME,MIDDLE_NAME,LAST_NAME,EMAIL_ADDRESS,PRIMARY_PHONE_NUMBER,ALTERNATE_PHONE_NUMBER,ADDRESS,BATCH_CODE,BIRTH_DATE,HIRE_DATE,GENDER,VOLUNTEER_TYPE,ASSIGNED_PIN) values ('KOCHI','VKOC10010','Prakhyat',null,'Gnanakoti','vkoc10010@godreams.org','8899889990','8988998899','Thamrassery Street, TRRA 77, Punithura Road, Ernakulam North, Ernakulam, Kerala, 682038','KOC03B',to_date('07-09-05','DD-MM-RR'),to_date('01-02-17','DD-MM-RR'),'MALE','TEACHER',112233);
Insert into GOD_VOLUNTEERS (CITY_UNIT_CODE,VOLUNTEER_CODE,FIRST_NAME,MIDDLE_NAME,LAST_NAME,EMAIL_ADDRESS,PRIMARY_PHONE_NUMBER,ALTERNATE_PHONE_NUMBER,ADDRESS,BATCH_CODE,BIRTH_DATE,HIRE_DATE,GENDER,VOLUNTEER_TYPE,ASSIGNED_PIN) values ('KOCHI','VKOC10011','Abhijeet',null,'Pradan','vkoc10011@godreams.org','8899889990','8988998899','Thamrassery Street, TRRA 77, Punithura Road, Ernakulam North, Ernakulam, Kerala, 682038','KOC03C',to_date('09-10-05','DD-MM-RR'),to_date('01-02-17','DD-MM-RR'),'MALE','TEACHER',112233);
Insert into GOD_VOLUNTEERS (CITY_UNIT_CODE,VOLUNTEER_CODE,FIRST_NAME,MIDDLE_NAME,LAST_NAME,EMAIL_ADDRESS,PRIMARY_PHONE_NUMBER,ALTERNATE_PHONE_NUMBER,ADDRESS,BATCH_CODE,BIRTH_DATE,HIRE_DATE,GENDER,VOLUNTEER_TYPE,ASSIGNED_PIN) values ('KOCHI','VKOC10012','Anita',null,'Sengar','vkoc10012@godreams.org','8899889990','8988998899','Thamrassery Street, TRRA 77, Punithura Road, Ernakulam North, Ernakulam, Kerala, 682038','KOC03D',to_date('02-12-04','DD-MM-RR'),to_date('01-04-20','DD-MM-RR'),'FEMALE','TEACHER',112233);

--GOD_ATTENDANCE
 CREATE TABLE GOD_ATTENDANCE 
   (	VOLUNTEER_CODE VARCHAR2(30), 
	ATTENDANCE_DATE DATE, 
	BATCH_CODE VARCHAR2(30), 
	COMMENTS VARCHAR2(300)
   );   
   
  CREATE unique INDEX GOD_ATTENDANCE_U1 on GOD_ATTENDANCE (volunteer_code, batch_code, attendance_date);
   
--GOD_LOOKUPS

  CREATE TABLE GOD_LOOKUPS 
   (	LOOKUP_TYPE VARCHAR2(30), 
	LOOKUP_CODE VARCHAR2(30), 
	LOOKUP_VALUE VARCHAR2(120)
   );
   
   CREATE unique INDEX GOD_LOOKUPS_U1 on GOD_LOOKUPS (LOOKUP_TYPE, LOOKUP_CODE)
   
Insert into GOD_LOOKUPS (LOOKUP_TYPE,LOOKUP_CODE,LOOKUP_VALUE) values ('VOLUNTEER_TYPE','ADMIN','Admin');
Insert into GOD_LOOKUPS (LOOKUP_TYPE,LOOKUP_CODE,LOOKUP_VALUE) values ('VOLUNTEER_TYPE','TEACHER','Teacher');
Insert into GOD_LOOKUPS (LOOKUP_TYPE,LOOKUP_CODE,LOOKUP_VALUE) values ('GENDER','MALE','Male');
Insert into GOD_LOOKUPS (LOOKUP_TYPE,LOOKUP_CODE,LOOKUP_VALUE) values ('GENDER','FEMALE','Female');
Insert into GOD_LOOKUPS (LOOKUP_TYPE,LOOKUP_CODE,LOOKUP_VALUE) values ('GENDER','OTHER','Other');




